Author,Title,Orginal Author,Translator,Editor,Language,No of pages,Publisher,Year of Published,Category,Subject,Price,ISBN,Book format
Translation,12.மார்க்ஸும் மார்க்சியமும்,பீட்டர் வோர்ஸ்லி,பிரமிள்,-,தமிழ்,176,தமிழினி,2014,கட்டுரை,மார்க்சியம்,140,-,Paperback
Translation,4.புத்துயிர்ப்பு,லியோ டால்ஸ்டாய்,கரிச்சான் குஞ்சு,-,தமிழ்,-,பாரதி புத்தகாலயம்,2018,"நாவல்,மொழிபெயர்ப்பு",-,690,-,Hardcover
அழகிய பெரியவன்,1.படிகப் பாடல்,-,-,-,தமிழ்,148,பரிசல்,2025,கவிதை,-,170,9.79E+12,Paperback
"""",2.அழகிய பெரியவன் குறுநாவல்கள்,-,-,-,தமிழ்,-,நீலம் பதிப்பகம்,2024,நாவல்,-,200,9.79E+12,Paperback
"""",4.தகப்பன் கொடி,-,-,-,தமிழ்,246,நீலம் பதிப்பகம்,2023,நாவல்,-,300,9.79E+12,Paperback
"""",5.வல்லிசை,-,-,-,தமிழ்,384,நீலம் பதிப்பகம்,2023,நாவல்,-,470,9.79E+12,Paperback
"""",6.சின்னக்குடை,-,-,-,தமிழ்,144,நீலம் பதிப்பகம்,2023,நாவல்,-,180,9.79E+12,Paperback
"""",7.யாம் சில அரிசி வேண்டினோம்,-,-,-,தமிழ்,200,நீலம் பதிப்பகம்,2023,நாவல்,-,250,9.79E+12,Paperback
"""",9.அம்மா உழைப்பதை நிறுத்திக் கொண்டார்,-,-,-,தமிழ்,-,நற்றிணை பதிப்பகம்,2018,சிறுகதை,தலித்தியம்,250,9.79E+12,Paperback
"""",10.மறைத்துப் பேச என்ன இருக்கு?,-,-,-,தமிழ்,164,நியூசெஞ்சுரி புக் ஹவுஸ்,2017,கட்டுரை,"தலித்தியம்,இலக்கியம்",135,9.79E+12,Paperback
"""",11.ஞாபக விலங்கு,-,-,-,தமிழ்,120,கருப்புப் பிரதிகள்,2016,கவிதை,-,90,9.79E+12,Paperback
"""",12.தேநீர் மேசை,-,-,-,தமிழ்,80,நற்றிணை பதிப்பகம்,2016,கட்டுரை,-,70,9.79E+12,Paperback
"""",13.அழகிய பெரியவன் கதைகள்,-,-,-,தமிழ்,704,நற்றிணை பதிப்பகம்,2016,சிறுகதை,-,750,9.79E+12,Paperback
"""",14.பெருகும் வேட்கை,-,-,-,தமிழ்,168,உயிர்மை பதிப்பகம்,2014,"கட்டுரை,சிறுகதை",விளிம்புநிலை மக்கள்,100,9.79E+12,Paperback
"""",6. வெற்றித் திருநகர்,-,-,-,தமிழ்,532,தமிழ்ப் புத்தகாலயம் - தாகம்,2022,நாவல்,-,500,9.79E+12,Paperback
"""",7. எங்கள் மண்ணும் இந்த நாட்களும்,-,-,-,தமிழ்,72,காலச்சுவடு,2019,கவிதை,,90,9.79E+12,Paperback
Translation,13. கன்ஃபூஷியஸின் கருத்துப் பெட்டகம்,வாங்கெங் சென்,அகிலன்,-,தமிழ்,224,கண்ணதாசன் பதிப்பகம்,2010,"கட்டுரை, மொழிபெயர்ப்பு",சுயமுன்னேற்றம்,250,9.79E+12,Paperback
Translation,2. கானகத்தின் குரல் (வளரி வெளியீடு),ஜாக் லண்டன்,பெ. தூரன்,-,தமிழ்,126,வளரி வெளியீடு,2021,"மொழிபெயர்ப்பு, நாவல்",சூழலியல்,130,-,Paperback
Translation,6. கானகத்தின் குரல்,ஜாக் லண்டன்,பெ. தூரன்,-,தமிழ்,127,சந்தியா பதிப்பகம்,2016,நாடகம்,சூழலியல்,110,-,Paperback
Translation,10. இனி நான் உறங்கட்டும்,பி. கே. பாலகிருஷ்ணன்,ஆ.மாதவன்,-,தமிழ்,274,சாகித்திய அகாடெமி,2001,"நாவல், மொழிபெயர்ப்பு",-,100,-,Paperback
Translation,9. பாரபாஸ் (அன்பு வழி),பெர் லாகர்குவிஸ்ட்,க.நா.சு,-,தமிழ்,,பீ ஃபார் புக்ஸ்,2024,"நாவல், மொழிபெயர்ப்பு:",-,140,,Paperback
Translation,22. விலங்குப் பண்ணை (பீ ஃபார் புக்ஸ்),ஜார்ஜ் ஆர்வெல்,க.நா.சு,-,தமிழ்,108,பீ ஃபார் புக்ஸ்,2022,"நாவல், மொழிபெயர்ப்பு:",-,120,,Paperback
Translation,25.பாரபாஸ் (சந்தியா பதிப்பகம்),பெர் லாகர்குவிஸ்ட்,க.நா.சு,-,தமிழ்,-,சந்தியா பதிப்பகம்,2021,"நாவல், மொழிபெயர்ப்பு:",-,145,-,Paperback
Translation,27.தபால்காரன்,ரோஜர் மார்டின் தூகார்டு,க.நா.சு,-,தமிழ்,184,செங்கனி பதிப்பகம்,2021,"நாவல், மொழிபெயர்ப்பு:",-,160,-,Paperback
Translation,28. பொய்த் தேவு (எழுத்து பிரசுரம்),-,-,-,தமிழ்,-,எழுத்து பிரசுரம்,2021,நாவல்,-,269,-,Paperback
Translation,29. இரவு உணவு,ஸெல்மா லாகர்லெவ்,க.நா.சு,-,தமிழ்,128,பரிசல்,2021,"சிறுகதை, மொழிபெயர்ப்பு:",-,120,-,Paperback
Translation,33. தேவமலர் மற்றும் கதைகள்,ஸெல்மா லாகர்லெவ்,க.நா.சு,-,தமிழ்,-,தேசாந்திரி,2019,"நாவல், மொழிபெயர்ப்பு:",-,150,-,Paperback
Translation,34. விருந்தாளி,ஆல்பெர் காம்யு,க.நா.சு,-,தமிழ்,232,வ. உ. சி. நூலகம்,2018,"நாவல், மொழிபெயர்ப்பு:",-,200,-,Paperback
Translation,42. நட்ஹாம்சனின் நிலவளம்,நட் ஹாம்சன்,க.நா.சு,-,தமிழ்,-,காவ்யா பதிப்பகம்,2017,"நாவல், மொழிபெயர்ப்பு:",-,450,-,Paperback
Translation,49. விலங்குப் பண்ணை (சந்தியா பதிப்பகம்),ஜார்ஜ் ஆர்வெல்,க.நா.சு,-,தமிழ்,160,சந்தியா பதிப்பகம்,2016,"நாவல், மொழிபெயர்ப்பு:",-,190,-,Paperback
Translation,51. மதகுரு,ஸெல்மா லாகர்லெவ்,க.நா.சு,-,தமிழ்,624,அன்னம் - அகரம் பதிப்பகம்,2016,நாவல்,-,460,-,Paperback
Translation,52. பாரபாஸ் (அன்னம் பதிப்பகம்),பெர் லாகர்குவிஸ்ட்,க.நா.சு,-,தமிழ்,142,அன்னம் - அகரம் பதிப்பகம்,2015,"நாவல், மொழிபெயர்ப்பு:",கிறிஸ்தவம்,130,-,Paperback
Translation,53. காதல்,ஆந்த்ரே ழீடு,க.நா.சு,-,தமிழ்,176,அன்னம் - அகரம் பதிப்பகம்,2015,"நாவல், மொழிபெயர்ப்பு:",காதல்,155,-,Paperback
Translation,54. பசி (நட் ஹாம்சன்),நட் ஹாம்சன்,க.நா.சு,-,தமிழ்,168,அன்னம் - அகரம் பதிப்பகம்,2015,"நாவல், மொழிபெயர்ப்பு:",-,155,-,Paperback
Translation,57. அன்பு வழி,பெர் லாகர்குவிஸ்ட்,க.நா.சு,-,தமிழ்,-,வ. உ. சி. நூலகம்,2013,"நாவல், மொழிபெயர்ப்பு:",கிறிஸ்தவம்,100,-,Paperback
Translation,63. மதகுரு (பாகம் 1),ஸெல்மா லாகர்லெவ்,க.நா.சு,-,தமிழ்,208,கவிதா பப்ளிகேஷன்,2001,"நாவல், மொழிபெயர்ப்பு:",-,125,-,Paperback
Translation,70. பசி (வளரி வெளியீடு),நட் ஹாம்சன்,க.நா.சு,-,தமிழ்,-,வளரி வெளியீடு,-,-,-,177,-,Paperback
Translation,81. நிலவளம்,நட் ஹாம்சன்,க.நா.சு,-,தமிழ்,-,அன்னம் - அகரம் பதிப்பகம்,-,"நாவல், நாவல், மொழிபெயர்ப்பு:",-,440,-,Paperback
"""",2.தேன்,-,பவா. செல்லத்துரை,-,தமிழ்,24,வம்சி புக்ஸ்,2017,சிறுகதை,,25,9.79E+12,paperback
"""",3.இதுதான் என் பெயர்,-,சுகுமாரன்,-,தமிழ்,64,காலச்சுவடு,2016,நாவல்,இந்திய அரசியல்,75,9.79E+12,paperback
"""",4.யேசு கதைகள்,-,கே. வி. ஷைலஜா,-,தமிழ்,136,வம்சி புக்ஸ்,2013,சிறுகதை,கிறிஸ்தவம்,120,9.79E+12,paperback
"""","5.அல்ஃபோன்சம்மாவின் 
 மரணமும் இறுதிச் சடங்கும்",-,கே. வி. ஷைலஜா,-,தமிழ்,160,வம்சி புக்ஸ்,2011,சிறுகதை,-,150,9.79E+12,paperback
"""",6.சக்காரியாவின் கதைகள்,-,-,-,தமிழ்,312,சாகித்திய அகாடெமி,2014,சிறுகதை,-,250,9.79E+12,paperback
"""",7.அரபிக் கடலோரம்,-,சுகுமாரன்,-,தமிழ்,96,காலச்சுவடு,2010,கட்டுரை,-,125,9.79E+12,paperback
"""",8.இரண்டாம் குடியேற்றம்,-,,-,தமிழ்,152,வம்சி புக்ஸ்,2008,சிறுகதை,-,160,9.79E+12,paperback
"""",9.ஜூவின் கதை,-,சங்கர ராம சுப்ரமணியன்,-,தமிழ்,24,தூலிகா பப்ளிஷர்ஸ்,-,சிறுவர் கதை,-,135,9.79E+12,paperback
"""",10.பால் சக்காரியா நேர்காணல்,-,கே. வி. ஷைலஜா,-,தமிழ்,-,வம்சி புக்ஸ்,-,நேர்காணல்,இலக்கியம்,30,9.79E+12,paperback
"""",2.பறவையின் வாசனை,-,நிர்மால்யா,-,தமிழ்,136,காலச்சுவடு,2017,சிறுகதை,பெண்கள்,150,9.79E+12,paperback
"""",3.என் கதை (கமலா தாஸ்),-,நிர்மால்யா,-,தமிழ்,160,காலச்சுவடு,2016,மொழிபெயர்ப்பு,பெண்கள்,200,9.79E+12,paperback
"""",4.இந்தப் பிறவியில் இவ்வளவுதான்,-,மு.ந. புகழேந்தி,-,தமிழ்,180,நியூசெஞ்சுரி புக் ஹவுஸ்,2014,சிறுகதை,பெண்கள்,135,9.79E+12,paperback
Translation,1.தட்டகம்,கோவிலன்,நிர்மால்யா,-,தமிழ்,-,சாகித்திய அகாடெமி,2025,நாவல்,-,400,9.79E+12,paperback
Translation,"2.வாழ்க்கைப் பாதை
 (சாகித்திய அகாடெமி)",செறுகாடு,நிர்மால்யா,-,தமிழ்,816,சாகித்திய அகாடெமி,2024,நாவல்,-,1130,-,paperback
Translation,"3.ஓடும் ரயிலில்
 பாய்ந்து ஏறுவது எப்படி?",மதுபால்,நிர்மால்யா,-,தமிழ்,168,காலச்சுவடு,2023,சிறுகதை,-,220,-,paperback
Translation,4.கேரள பழங்குடிக் கவிதைகள்,-,நிர்மால்யா,-,தமிழ்,,தன்னறம் நூல்வெளி,2023,கவிதை,-,200,-,paperback
Translation,"5.மகாத்மா அய்யன்காளி:
 கேரளத்தின் முதல் தலித் போராளி",-,நிர்மால்யா,-,தமிழ்,304,காலச்சுவடு,2020,வாழ்க்கை வரலாறு,தலித்தியம்,380,9.79E+12,paperback
Translation,6.மனிதனுக்கு ஒரு முன்னுரை,சுபாஷ் சந்திரன்,நிர்மால்யா,-,தமிழ்,,சாகித்திய அகாடெமி,2020,நாவல்,-,410,9.79E+12,paperback
Translation,"7.பஷீர்: தனிமையில்
 பயணிக்கும் துறவி",பேரா. எம். கே. ஸாநு,நிர்மால்யா,-,தமிழ்,336,சாகித்திய அகாடெமி,2016,மொழிபெயர்ப்பு,இலக்கியம்,355,9.79E+12,paperback
Translation,8.பெருமரங்கள் விழும்போது,என். எஸ். மாதவன்,நிர்மால்யா,-,தமிழ்,168,காலச்சுவடு,2012,சிறுகதை,-,-,9.79E+12,paperback
Translation,"10.கண்ணீரின் இனிமை
 (ஓர் பதிப்பாளரின் கதை)",இ. பாலகிருஷ்ணா,நிர்மால்யா,-,தமிழ்,,கவிதா பப்ளிகேஷன்,-,வாழ்க்கை வரலாறு,-,125,-,paperback
Translation,11.யாழ்ப்பாணப் புகையிலை,காக்கநாடன்,நிர்மால்யா,-,தமிழ்,160,சாகித்திய அகாடெமி,-,சிறுகதை,-,85,9.79E+12,paperback
Translation,,,,,,,,,,-,,,paperback
தி. ஜானகிராமன்,1.அடுத்த வீடு ஐம்பது மைல்,-,-,-,தமிழ்,80,காலச்சுவடு,2023,பயணக்குறிப்பு,-,130,9.79E+12,paperback
"""",2.உதய சூரியன்,-,-,-,தமிழ்,128,காலச்சுவடு,2023,பயணக்குறிப்பு,-,175,9.79E+12,paperback
"""",4.தி. ஜானகிராமன் கட்டுரைகள்,-,-,சுகுமாரன்,தமிழ்,-,காலச்சுவடு,2021,கட்டுரை,-,290,9.79E+12,paperback
"""",5.தி. ஜானகிராமனின் தேர்ந்தெடுத்த சிறுகதைகள்,-,-,மாலன்,தமிழ்,288,சாகித்திய அகாடெமி,2021,சிறுகதை,-,240,9.79E+12,paperback
"""",8.அமிர்தம் (காலச்சுவடு),-,-,-,தமிழ்,176,காலச்சுவடு,2019,நாவல்,-,220,9.79E+12,paperback
"""",10.அடி,-,-,-,தமிழ்,120,காலச்சுவடு,2017,நாவல்,-,140,9.79E+12,paperback
"""",11.மலர் மஞ்சம்,-,-,-,தமிழ்,600,காலச்சுவடு,2017,நாவல்,பெண்கள்,725,9.79E+12,paperback
"""","12. ஜானகிராமன்
 குறுநாவல்கள் (முழுத்தொகுப்பு)",-,-,-,தமிழ்,336,காலச்சுவடு,2017,நாவல்,-,420,9.79E+12,paperback
"""",13.அபூர்வ மனிதர்கள்,-,-,-,தமிழ்,104,காலச்சுவடு,2016,கட்டுரை,-,125,9.79E+12,paperback
"""",14.சிவப்பு ரிக்க்ஷா,-,-,-,தமிழ்,176,காலச்சுவடு,2016,சிறுகதை,-,200,9.79E+12,paperback
"""",15.மரப்பசு,-,-,-,தமிழ்,256,காலச்சுவடு,2016,நாவல்,பெண்கள்,320,9.79E+12,paperback
"""",16.உயிர்த் தேன்,-,-,-,தமிழ்,272,காலச்சுவடு,2016,நாவல்,பெண்கள்,350,9.79E+12,paperback
"""",17.நளபாகம்,-,-,-,தமிழ்,320,காலச்சுவடு,2016,நாவல்,-,390,9.79E+12,paperback
"""",18.கொட்டு மேளம்,-,-,-,தமிழ்,184,காலச்சுவடு,2015,சிறுகதை,-,225,9.79E+12,paperback
"தி. ஜானகிராமன்,
 சிட்டி பெ. கோ. சுந்தரராஜன்","19.நடந்தாய்; வாழி, காவேரி!",-,-,-,தமிழ்,288,காலச்சுவடு,2014,பயணக்குறிப்பு,தமிழ்நாடு,370,9.79E+12,paperback
"""",20.தி. ஜானகிராமன் சிறுகதைகள்,-,-,சுகுமாரன்,தமிழ்,1128,காலச்சுவடு,2014,சிறுகதை,-,1790,9.79E+12,paperback
"""",21.செம்பருத்தி,-,-,-,தமிழ்,512,காலச்சுவடு,2013,நாவல்,பெண்கள்,600,9.79E+12,paperback
"""",22.மோக முள்,-,-,-,தமிழ்,664,காலச்சுவடு,2012,நாவல்,காதல்,790,9.79E+12,paperback
"""",25.அம்மா வந்தாள்,-,-,-,தமிழ்,184,காலச்சுவடு,2011,நாவல்,குடும்பம் / உறவு,230,9.79E+12,paperback
"""",27.சிலிர்ப்பு,-,-,-,தமிழ்,368,காலச்சுவடு,2006,நாவல்,-,450,9.79E+12,paperback
Translation,28.அன்னை,கிரேஸியா டெலடா,தி. ஜானகிராமன்,-,தமிழ்,160,தமிழினி,1999,நாவல்,பெண்கள்,120,-,paperback
Translation,29.குள்ளன்,பார் லாகர்க்விஸ்ட்,தி. ஜானகிராமன்,-,தமிழ்,160,வ. உ. சி. நூலகம்,2006,நாவல்,-,75,-,paperback
Translation,30.பூமி எனும் கோள்,ஜார்ஜ் கேமாவ்,தி. ஜானகிராமன்,-,தமிழ்,268,நியூசெஞ்சுரி புக் ஹவுஸ்,2011,-,அறிவியல் / தொழில்நுட்பம்,125,9.79E+12,paperback
"                   ,,",2. இது வேறு செப்டம்பர் 11,-,-,-,தமிழ்,-,நிமிர் வெளியீடு,2024,கட்டுரை,சர்வதேச அரசியல்,120,-,Paper Back
"                   ,,",3. லத்தீன் அமெரிக்காவில் நம்பிக்கைக் கீற்று,-,-,-,தமிழ்,-,பன்மை வெளி,2024,வரலாறு,-,200,-,Paper Back
"                   ,,",4. காஸ்த்ரோவின் கூபாவும் லத்தின் அமெரிக்க மார்க்சியமும்,-,-,-,தமிழ்,260,பன்மை வெளி,2024,வரலாறு,சுகந்திரம் / பாதுகாப்பு,250,-,Paper Back
"                   ,,",11. வலி,-,-,-,தமிழ்,120,சந்தியா பதிப்பகம்,2017,சிறுகதை,பெண்கள்,120,-,Paper Back
Translation,,-,-,-,,,,,,,,,Paper Back
லட்சுமணப்பெருமாள்,1. நிட்சாப நதித்துறை,-,-,-,தமிழ்,-,வாசகசாலை,2023,நாவல்,-,400,-,Paper Back
"                   ,,",2. கெத்து,-,ச. தமிழ்ச்செல்வன்,-,தமிழ்,-,பாரதி புத்தகாலயம்,2019,சிறுகதை,பிற,80,-,Paper Back
"                   ,,",3. ஆதிப்பழி,-,-,-,தமிழ்,232,நூல் வனம்,2016,சிறுகதை,பிற,200,-,Paper Back
"                   ,,",4. இலட்சுமணப்பெருமாள் கதைகள்,-,-,-,தமிழ்,472,வம்சி புக்ஸ்,2012,சிறுகதை,பிற,500,9788190819381,Paper Back
"                   ,,",5. கரிசல் கருதுகள்,-,-,-,தமிழ்,176,அன்னம் - அகரம் பதிப்பகம்,2007,சிறுகதை,பிற,130,-,Paper Back
",,",,-,-,-,,,,,,,,,Paper Back
களந்தை பீர் முகம்மது,1. சிலுக்கு ஸ்மிதாவும் சுலைமான் ஹாஜியாரும்,-,-,-,தமிழ்,,சுவடு பதிப்பகம்,2023,சிறுகதை,-,150,9788195985654,Paper Back
"                   ,,",2. நிழல் நதி,-,-,-,தமிழ்,304,காலச்சுவடு,2022,நாவல்,பிற,375,9788196058982,Paper Back
Translation,3. தோப்பில் முஹம்மது மீரான் சிறுகதைகள்,தோப்பில் முஹம்மது மீரான்,களந்தை பீர் முஹம்மது,-,தமிழ்,-,காலச்சுவடு,2020,சிறுகதை,இஸ்லாம் / முஸ்லிம்கள்,750,-,Paper Back
"                   ,,",4. பாதுகாக்கப்பட்ட துயரம்,-,-,-,தமிழ்,,காலச்சுவடு,2016,கட்டுரை,இஸ்லாம் / முஸ்லிம்கள்,190,9789352440832,Paper Back
Translation,5. காலச்சுவடு பதிவுகளில் இஸ்லாம் (1994 - 2007),-,-,களந்தை பீர் முஹம்மது,தமிழ்,735,காலச்சுவடு,2008,காலச்சுவடு,கட்டுரை,490,9788189359720,Paper Back
Translation,,,,-,,,,,,,,,Paper Back
எம்.டிமுத்துக்குமாரசாமி,1. ஒரு கணத்தின் மலர்கள்,-,-,-,தமிழ்,,தமிழ்வெளி,2025,கவிதை,-,300,-,Paper Back
"                   ,,",2. வாஸ்கோ போப்பா கவிதைகள்,-,-,-,தமிழ்,128,தமிழ்வெளி,2025,"கவிதை,மொழிபெயர்ப்பு",-,200,9789392543609,Paper Back
"                   ,,",3. காட்டிலோர் பொந்தினில் வைத்தேன்,-,-,-,தமிழ்,204,தமிழ்வெளி,2024,கட்டுரை,இலக்கியம்,240,9789392543432,Paper Back
Translation,4. தனிநெடுமொழி,கோ யுன்,எம். டி. முத்துக்குமாரசாமி,-,தமிழ்,144,தமிழ்வெளி,2024,"கவிதை,மொழிபெயர்ப்பு",-,250,9789392543470,Hardcover
"                   ,,",5. An Imagery Wins An Imagery Kills,-,JP. Rajendran,-,English,272,Tamizhveli,2024,"Poetry,Translation",-,340,9789694092119,Paper Back
Translation,6. கண்ணாடிகள் கனவுகள் காலங்கள்,போர்ஹெஸ்,எம். டி. முத்துக்குமாரசாமி,-,தமிழ்,208,தமிழ்வெளி,2024,"கவிதை,மொழிபெயர்ப்பு",-,350,9789392543777,Paper Back
"                   ,,",7. சாம்பல் சித்திரங்கள்,பால் செலான்,எம். டி. முத்துக்குமாரசாமி,-,தமிழ்,160,தமிழ்வெளி,2024,கவிதை,-,180,9789392543692,Paper Back
Translation,8.நீ ஏன் குதிரையைத் தனியாக விட்டாய்?,மஹ்மூத் தர்வீஷ்,எம். டி. முத்துக்குமாரசாமி,-,தமிழ்,-,தமிழ்வெளி,2023,"கவிதை,மொழிபெயர்ப்பு",-,250,9789392543340,Paper Back
Translation,9. இந்த முழு பிரபஞ்சத்தையும்விடச் சற்றே பெரியது,Fernando Pessoa,எம். டி. முத்துக்குமாரசாமி,-,தமிழ்,-,தமிழ்வெளி,2023,"கவிதை,மொழிபெயர்ப்பு",-,220,9789392543357,Paper Back
Translation,10. பாஷோவின் ஹைக்கூ கவிதைகள்,பாஷோ,எம். டி. முத்துக்குமாரசாமி,-,தமிழ்,-,தமிழ்வெளி,2023,"கவிதை, மொழிபெயர்ப்பு",-,300,-,Paper Back
Translation,11. தாவோ தெ ஜிங் (தமிழ்வெளி),லாவோட்சு,எம். டி. முத்துக்குமாரசாமி,-,தமிழ்,-,தமிழ்வெளி,2023,"கவிதை,மொழிபெயர்ப்பு",ஆன்மிகம்,200,9789392543371,Paper Back
"                   ,,",12. ஒரு படிமம் வெல்லும் ஒரு படிமம் கொல்லும்,-,-,-,தமிழ்,240,தமிழ்வெளி,2022,கவிதை,-,280,9789392543012,Paper Back
"                   ,,",13. மைத்ரேயி மற்றும் பல கதைகள்,-,-,-,தமிழ்,208,தமிழ்வெளி,2014,சிறுகதை,பிற,170,9788177202243,Paper Back
"                   ,,",14. நிலவொளி எனும் இரகசிய துணை,-,-,-,தமிழ்,264,அடையாளம் பதிப்பகம்,2014,கட்டுரை,மெய்யியல்,200,9788177202328,Paper Back
"                   ,,",15. நீர் அளைதல்,-,,,தமிழ்,112,நற்றிணை பதிப்பகம்,2012,கவிதை,பிற,90,9789382648024,Paper Back
கௌதம சித்தார்த்தன்,1. பச்சைப் பறவை,-,-,-,தமிழ்,135,எதிர் வெளியீடு,2016,சிறுகதை,பிற,130,9789384646509,Paper Back
"                   ,,",2. முருகன் - விநாயகன்,-,-,-,தமிழ்,42,எதிர் வெளியீடு,2016,கட்டுரை,இந்துத்துவம் / பார்ப்பனியம்,40,9789384646714,Paper Back
"                   ,,",3. சங்ககால சாதி அரசியல்,-,-,-,தமிழ்,96,எதிர் வெளியீடு,2016,கட்டுரை,தமிழ்நாடு,80,9789384646721,Paper Back
"                   ,,",4. மூன்றாவது சிருஷ்டி,-,-,-,தமிழ்,126,எதிர் வெளியீடு,2014,நாவல்,பிற,120,9789384646219,Paper Back
"                   ,,",5. பொம்மக்கா,-,-,-,தமிழ்,151,எதிர் வெளியீடு,2014,சிறுகதை,பிற,140,9789384646196,Paper Back
"                   ,,",6. உலக சினிமாவும் தமிழ் அடையாளமும்,-,-,-,தமிழ்,134,எதிர் வெளியீடு,2014,கட்டுரை,சினிமா,120,9789384646271,Paper Back
"                   ,,",7. சாதி அரசியல் அதிகாரம்,-,-,-,தமிழ்,110,எதிர் வெளியீடு,2014,கட்டுரை,இந்துத்துவம் / பார்ப்பனியம்,100,9789384646233,Paper Back
"                   ,,",8. கருத்தசுதந்திரத்தின் அரசியல்,-,-,-,தமிழ்,135,எதிர் வெளியீடு,2014,கட்டுரை,சர்வதேச அரசியல்,130,9789384646264,Paper Back
"                   ,,",9. ஆயுத வியாபாரத்தின் அரசியல்,-,-,-,தமிழ்,98,எதிர் வெளியீடு,2014,கட்டுரை,சர்வதேச அரசியல்,90,9789384646257,Paper Back
",,",,,,,,,,,,,,,Paper Back
",,",,,,,,,,,,,,,Paper Back
ஜெயமோகன்,1. சூரிய திசைப் பயணம்,-,-,-,தமிழ்,-,விஷ்ணுபுரம் பதிப்பகம்,2025,-,-,170,-,Paper Back
"                   ,,",2. கீதையை அறிதல்,-,-,-,தமிழ்,-,விஷ்ணுபுரம் பதிப்பகம்,2025,-,-,290,-,Paper Back
"                   ,,",3. இந்தியப் பயணம் (விஷ்ணுபுரம்),-,-,-,தமிழ்,-,விஷ்ணுபுரம் பதிப்பகம்,2024,பயணக்குறிப்பு,-,210,-,Paper Back
"                   ,,",4. இந்து ஞானம்,-,-,-,தமிழ்,-,விஷ்ணுபுரம் பதிப்பகம்,2025,கட்டுரை,இந்து மதம்,140,-,Paper Back
"                   ,,","5. உள்ளுணர்வின் தடத்தில்

",-,-,-,தமிழ்,-,விஷ்ணுபுரம் பதிப்பகம்,2025,-,-,320,-,Paper Back
"                   ,,",6. ஆழ் நதியைத் தேடி,-,-,-,தமிழ்,-,விஷ்ணுபுரம் பதிப்பகம்,2025,-,-,290,-,Paper Back
"                   ,,",7. இந்திய ஞானம் (விஷ்ணுபுரம்,-,-,-,தமிழ்,-,விஷ்ணுபுரம் பதிப்பகம்,2025,கட்டுரை,"மெய்யியல்,இந்து மதம்",380,,Paper Back
"                   ,,",8. பிரதமன் (விஷ்ணுபுரம்),-,-,-,தமிழ்,,விஷ்ணுபுரம் பதிப்பகம்,2024,சிறுகதை,-,220,,Paper Back
"                   ,,",9. பின்தொடரும் பிரம்மம்,-,-,-,தமிழ்,112,விஷ்ணுபுரம் பதிப்பகம்,2024,நாட்குறிப்பு / நினைவுக்குறிப்பு,-,100,9789395260336,Paper Back
"                   ,,",10. அருகர்களின் பாதை (விஷ்ணுபுரம்),-,-,-,தமிழ்,336,விஷ்ணுபுரம் பதிப்பகம்,2024,பயணக்குறிப்பு,வரலாறு,400,9789392379451,Paper Back
"                   ,,",11.உடையாள்,-,-,-,தமிழ்,123,விஷ்ணுபுரம் பதிப்பகம்,2024,"நாவல்,குழந்தைகள்",-,160,9789392389369,Paper Back
"                   ,,",12. மண்,-,-,-,தமிழ்,-,விஷ்ணுபுரம் பதிப்பகம்,2024,சிறுகதை,-,300,-,Paper Back
"                   ,,",13. படுகளம் (விஷ்ணுபுரம்),-,-,-,தமிழ்,-,விஷ்ணுபுரம் பதிப்பகம்,2024,நாவல்,க்ரைம் த்ரில்லர்,340,-,Paper Back
"                   ,,",14. ஏழாம் உலகம் (விஷ்ணுபுரம் பதிப்பகம்),-,-,-,தமிழ்,-,விஷ்ணுபுரம் பதிப்பகம்,2024,நாவல்,-,400,-,Paper Back
"                   ,,",15. புறப்பாடு (விஷ்ணுபுரம் பதிப்பகம்),-,-,-,தமிழ்,512,விஷ்ணுபுரம் பதிப்பகம்,2024,கட்டுரை,-,600,-,Paper Back
"                   ,,",16. எழுதும் கலை (விஷ்ணுபுரம் பதிப்பகம்),-,-,-,தமிழ்,-,விஷ்ணுபுரம் பதிப்பகம்,2024,கட்டுரை,இலக்கியம்,190,-,Paper Back
"                   ,,",17. அறம் (சிறுகதை),-,-,-,தமிழ்,-,விஷ்ணுபுரம் பதிப்பகம்,2024,சிறுகதை,-,40,-,Paper Back
"                   ,,",18. கொற்றவை (விஷ்ணுபுரம் பதிப்பகம்),-,-,-,தமிழ்,-,விஷ்ணுபுரம் பதிப்பகம்,2023,நாவல்,,900,9789395260183,Paper Back
"                   ,,",19. வெள்ளை யானை (விஷ்ணுபுரம் பதிப்பகம்),-,-,-,தமிழ்,-,Vishnupuram Publications,2023,Novel,-,600,9789392379918,Paper Back
"                   ,,",20. வாழ்விலே ஒரு முறை (விஷ்ணுபுரம் பதிப்பகம்,-,-,-,தமிழ்,132,விஷ்ணுபுரம் பதிப்பகம்,2023,கட்டுரை,-,180,9789392379697,Paper Back
"                   ,,",21. முன்சுவடுகள் : சில வாழ்க்கை வரலாறுகள்,-,-,-,தமிழ்,168,விஷ்ணுபுரம் பதிப்பகம்,2023,கட்டுரை,வரலாறு,240,9789392379604,Paper Back
"                   ,,",22. தெய்வங்கள் பேய்கள் தேவர்கள் (விஷ்ணுபுரம் பதிப்பகம்),-,-,-,தமிழ்,282,விஷ்ணுபுரம் பதிப்பகம்,2023,கட்டுரை,-,380,9789392379352,Paper Back
"                   ,,",23. ஆலம்,-,-,-,தமிழ்,232,விஷ்ணுபுரம் பதிப்பகம்,2023,நாவல்,-,330,9789395260459,Paper Back
"                   ,,",24. சோற்றுக் கணக்கு (விஷ்ணுபுரம் பதிப்பகம்),-,-,-,தமிழ்,32,விஷ்ணுபுரம் பதிப்பகம்,2023,சிறுகதை,க்ளாசிக்ஸ்,50,-,Paper Back
Translation,25. பலாக்கொட்டைத் தத்துவம்,கே. ஜி. சங்கர பிள்ளை,ஜெயமோகன்,-,தமிழ்,72,விஷ்ணுபுரம் பதிப்பகம்,2023,கவிதை,-,100,9789395260091,Paper Back
"                   ,,",26. படையல்,-,-,-,தமிழ்,248,விஷ்ணுபுரம் பதிப்பகம்,2023,சிறுகதை,-,330,9789395260503,Paper Back
"                   ,,",27. நாவல் கோட்பாடு,-,-,-,தமிழ்,-,விஷ்ணுபுரம் பதிப்பகம்,2023,கட்டுரை,-,200,-,Paper Back
Translation,"28. கொடுங்கோளூர் கண்ணகி
",வி.ஆர்.சந்திரன்,ஜெயமோகன்,-,தமிழ்,-,விஷ்ணுபுரம் பதிப்பகம்,2023,"கட்டுரை,மொழிபெயர்ப்பு",பாரம்பரியம்,210,-,Paper Back
"                   ,,",29. சங்கச் சித்திரங்கள் (விஷ்ணுபுரம் பதிப்பகம்),-,-,-,தமிழ்,-,விஷ்ணுபுரம் பதிப்பகம்,2023,கட்டுரை,தொல்லியல்,300,-,Paper Back
"                   ,,",30. பனிமனிதன் (விஷ்ணுபுரம் பதிப்பகம்),-,-,-,தமிழ்,-,விஷ்ணுபுரம் பதிப்பகம்,2023,நாவல்,-,330,-,Paper Back
"                   ,,",31.நூறு நாற்காலிகள் (விஷ்ணுபுரம் பதிப்பகம்),-,-,-,தமிழ்,-,விஷ்ணுபுரம் பதிப்பகம்,2023,சிறுகதை,-,50,-,Paper Back
"                   ,,",32. காடு (விஷ்ணுபுரம் பதிப்பகம்),-,-,-,தமிழ்,-,விஷ்ணுபுரம் பதிப்பகம்,2023,நாவல்,பிற,650,-,Paper Back
"                   ,,",33.ஒளிரும் பாதை,-,-,-,தமிழ்,-,விஷ்ணுபுரம் பதிப்பகம்,2023,கட்டுரை,வாழ்கை முறை,320,-,Paper Back
Translation,"34. தொடுதிரை
மலையாளக் கவிதைகள்",கல்பட்டா நாராயணன்,ஜெயமோகன்,-,தமிழ்,-,விஷ்ணுபுரம் பதிப்பகம்,2023,"கவிதை,மொழிபெயர்ப்பு",-,100,9789395260077,Paper Back
"                   ,,",35. பத்ம வியூகம் (விஷ்ணுபுரம் பதிப்பகம்),-,-,-,தமிழ்,308,விஷ்ணுபுரம் பதிப்பகம்,2023,சிறுகதை,இந்து மதம்,400,-,Paper Back
"                   ,,",36. மலர்த்துளி,-,-,-,தமிழ்,-,விஷ்ணுபுரம் பதிப்பகம்,2023,சிறுகதை,காதல்,250,-,Paper Back
"                   ,,",37. துணைவன்,-,-,-,தமிழ்,-,விஷ்ணுபுரம் பதிப்பகம்,2023,சிறுகதை,-,210,9789395260053,Paper Back
"                   ,,",38. இரவு (விஷ்ணுபுரம் பதிப்பகம்,-,-,-,தமிழ்,240,விஷ்ணுபுரம் பதிப்பகம்,2023,நாவல்,க்ளாசிக்ஸ்,330,-,Paper Back
"                   ,,",39. வணங்கான்,-,-,-,தமிழ்,40,விஷ்ணுபுரம் பதிப்பகம்,2023,சிறுகதை,-,50,-,Paper Back
Translation,40. Stories of the True (PB),-,Priyamvada,-,English,328,Juggernaut,2023,"Short Story, Translation ",-,499,9789393986658,Paper Back
Translation,41. தல்ஸ்தோயின் கலை,-,ஜெயமோகன்,-,,-,தமிழினி,2023,வாழ்க்கை வரலாறு,-,140,-,Paper Back
"                   ,,",42. எழுதழல் (விஷ்ணுபுரம் பதிப்பகம்),-,-,-,தமிழ்,-,விஷ்ணுபுரம் பதிப்பகம்,2023,நாவல்,இந்து மதம்,-,-,Paper Back
"                   ,,",43. இமைக்கணம் (விஷ்ணுபுரம் பதிப்பகம்),-,-,-,தமிழ்,-,விஷ்ணுபுரம் பதிப்பகம்,2023,நாவல்,இந்து மதம்,900,-,Hardcover
"                   ,,",44. வெண்முகில் நகரம் (விஷ்ணுபுரம் பதிப்பகம்),-,-,-,தமிழ்,-,விஷ்ணுபுரம் பதிப்பகம்,2023,நாவல்,இந்து மதம்,2200,-,Hardcover
"                   ,,",45. பிரயாகை (விஷ்ணுபுரம் பதிப்பகம்),-,-,-,தமிழ்,-,விஷ்ணுபுரம் பதிப்பகம்,2023,நாவல்,இந்து மதம்,2200,-,Hardcover
"                   ,,",46. வண்ணக்கடல் (விஷ்ணுபுரம் பதிப்பகம்),-,-,-,தமிழ்,-,விஷ்ணுபுரம் பதிப்பகம்,2023,நாவல்,இந்து மதம்,1700,-,Hardcover
"                   ,,",47. ரப்பர் (விஷ்ணுபுரம் பதிப்பகம்),-,-,-,தமிழ்,-,விஷ்ணுபுரம் பதிப்பகம்,2023,நாவல்,-,290,-,Paper Back
"                   ,,",48. உலோகம் (விஷ்ணுபுரம் பதிப்பகம்),-,-,-,தமிழ்,-,விஷ்ணுபுரம் பதிப்பகம்,2023,நாவல்,-,220,-,Paper Back
"                   ,,",49. கன்னிநிலம் (விஷ்ணுபுரம் பதிப்பகம்),-,-,-,தமிழ்,-,விஷ்ணுபுரம் பதிப்பகம்,2023,நாவல்,-,250,-,Paper Back
"                   ,,",50. கன்னியாகுமரி (விஷ்ணுபுரம் பதிப்பகம்,-,-,-,தமிழ்,-,விஷ்ணுபுரம் பதிப்பகம்,2023,நாவல்,-,270,-,Paper Back
"                   ,,",51. வெண்கடல் (விஷ்ணுபுரம் பதிப்பகம்),-,-,-,தமிழ்,-,விஷ்ணுபுரம் பதிப்பகம்,2023,சிறுகதை,பிற,280,-,Paper Back
"                   ,,",52. பேய் கதைகளும் தேவதை கதைகளும்,-,-,-,தமிழ்,-,விஷ்ணுபுரம் பதிப்பகம்,2023,சிறுகதை,-,250,-,Paper Back
"                   ,,",53. பொன்னியின் செல்வன் விவாதங்கள்,-,-,-,தமிழ்,-,விஷ்ணுபுரம் பதிப்பகம்,2023,கட்டுரை,-,270,-,Paper Back
"                   ,,",54. நீலம் (விஷ்ணுபுரம் பதிப்பகம்),-,-,-,தமிழ்,336,விஷ்ணுபுரம் பதிப்பகம்,2022,நாவல்,இந்து மதம்,1000,-,Hardcover
"                   ,,",55. மழைப்பாடல் (விஷ்ணுபுரம் பதிப்பகம்),-,-,-,தமிழ்,1008,விஷ்ணுபுரம் பதிப்பகம்,2022,நாவல்,இந்து மதம்,2000,-,Hardcover
"                   ,,",56. விஷ்ணுபுரம்,-,-,-,தமிழ்,1046,விஷ்ணுபுரம் பதிப்பகம்,2022,நாவல்,இந்து மதம்,1300,-,Hardcover
"                   ,,",57. யானை டாக்டர் (விஷ்ணுபுரம் பதிப்பகம்),-,-,-,தமிழ்,64,விஷ்ணுபுரம் பதிப்பகம்,2022,சிறுகதை,சூழலியல்,50,-,Paper Back
"                   ,,",58. நவீனத் தமிழிலக்கிய அறிமுகம் (விஷ்ணுபுரம் பதிப்பகம்),-,-,-,தமிழ்,376,விஷ்ணுபுரம் பதிப்பகம்,2022,கட்டுரை,இலக்கியம்,500,-,Paper Back
"                   ,,",59. திசைகளின் நடுவே (விஷ்ணுபுரம் பதிப்பகம்),-,-,-,தமிழ்,218,விஷ்ணுபுரம் பதிப்பகம்,2022,சிறுகதை,இலக்கியம்,300,-,Paper Back
"                   ,,",60. சிலுவையின் பெயரால் (விஷ்ணுபுரம் பதிப்பகம்),-,-,-,தமிழ்,264,விஷ்ணுபுரம் பதிப்பகம்,2022,கட்டுரை,கிறிஸ்தவம்,320,-,Paper Back
"                   ,,",61. இந்து ஞானமரபில் ஆறு தரிசனங்கள்,-,-,-,தமிழ்,224,விஷ்ணுபுரம் பதிப்பகம்,2022,கட்டுரை,இந்து மதம்,330,-,Paper Back
"                   ,,",62. கண்ணீரைப் பின்தொடர்தல் (விஷ்ணுபுரம் பதிப்பகம்),-,-,-,தமிழ்,256,விஷ்ணுபுரம் பதிப்பகம்,2022,கட்டுரை,-,320,-,Paper Back
"                   ,,",63. முதற்கனல் (விஷ்ணுபுரம் பதிப்பகம்),-,-,-,தமிழ்,554,விஷ்ணுபுரம் பதிப்பகம்,2022,நாவல்,இந்து மதம்,1000,-,Hardcover
"                   ,,",64. முதலாவிண்,-,-,-,தமிழ்,160,விஷ்ணுபுரம் பதிப்பகம்,2022,நாவல்,இந்து மதம்,350,-,Hardcover
"                   ,,",65. கல்பொருசிறுநுரை,-,-,-,தமிழ்,848,விஷ்ணுபுரம் பதிப்பகம்,2022,நாவல்,இந்து மதம்,1300,-,Hardcover
"                   ,,",66. துளிக்கனவு,-,-,-,தமிழ்,144,விஷ்ணுபுரம் பதிப்பகம்,2022,சிறுகதை,பிற,190,-,Paper Back
"                   ,,",67. கூந்தல்,-,-,-,தமிழ்,144,விஷ்ணுபுரம் பதிப்பகம்,2022,சிறுகதை,பிற,190,-,Paper Back
"                   ,,",68. அறம் (விஷ்ணுபுரம் பதிப்பகம்),-,-,-,தமிழ்,400,விஷ்ணுபுரம் பதிப்பகம்,2022,சிறுகதை,பிற,500,-,Hardcover
"                   ,,",69. களிற்றியானை நிரை (செம்பதிப்பு),-,-,-,தமிழ்,848,விஷ்ணுபுரம் பதிப்பகம்,2022,நாவல்,இந்து மதம்,1200,-,Hardcover
"                   ,,",70. Stories of the True (HB),-,Priyamvada,-,English,328,Juggernaut,2022,"Short Story, Translation ",Miscellaneous,799,9789393986177,Hardcover
"                   ,,",71. விசும்பு: அறிவியல் புனைகதைகள்,-,-,-,தமிழ்,148,விஷ்ணுபுரம் பதிப்பகம்,2022,சிறுகதை,அறிவியல் புனைவு,170,-,Paper Back
"                   ,,","72. நான்காவது கொலை
",-,-,-,தமிழ்,130,விஷ்ணுபுரம் பதிப்பகம்,2022,கட்டுரை,பிற,160,-,Paper Back
"                   ,,",73. அனல் காற்று,-,-,-,தமிழ்,220,விஷ்ணுபுரம் பதிப்பகம்,2022,நாவல்,பிற,260,-,Paper Back
"                   ,,",74. கதாநாயகி,-,-,-,தமிழ்,354,விஷ்ணுபுரம் பதிப்பகம்,2022,சிறுகதை,பிற,400,-,Paper Back
"                   ,,",75. ஈராறுகால்கொண்டெழும் புரவி,-,-,-,தமிழ்,144,விஷ்ணுபுரம் பதிப்பகம்,2022,சிறுகதை,பிற,170,-,Paper Back
"                   ,,",76. நீர்ச்சுடர் (செம்பதிப்பு),-,-,-,தமிழ்,628,விஷ்ணுபுரம் பதிப்பகம்,2022,நாவல்,இந்து மதம்,900,-,Hardcover
"                   ,,",77. ஞானி,-,-,-,தமிழ்,252,விஷ்ணுபுரம் பதிப்பகம்,2022,கட்டுரை,இலக்கியம்,300,-,Paper Back
"                   ,,",78. பின்தொடரும் நிழலின் குரல் (விஷ்ணுபுரம் பதிப்பகம்),-,-,-,தமிழ்,760,விஷ்ணுபுரம் பதிப்பகம்,2022,நாவல்,மார்க்சியம்,900,-,Hardcover
Translation,79. இயற்கையை அறிதல் (தன்னறம் நூல்வெளி),எமர்சன்,ஜெயமோகன்,-,தமிழ்,-,தன்னறம் நூல்வெளி,2022,"கட்டுரை,மொழிபெயர்ப்பு",சூழலியல்,150,-,Paper Back
"                   ,,",80. இரு கலைஞர்கள்,-,-,-,தமிழ்,178,விஷ்ணுபுரம் பதிப்பகம்,2022,சிறுகதை,பிற,220,-,Paper Back
"                   ,,",81. பொலிவதும் கலைவதும்,-,-,-,தமிழ்,268,விஷ்ணுபுரம் பதிப்பகம்,2022,சிறுகதை,பிற,320,-,Paper Back
"                   ,,",82.முதுநாவல்,-,-,-,தமிழ்,280,விஷ்ணுபுரம் பதிப்பகம்,2022,சிறுகதை,பிற,330,-,Paper Back
"                   ,,",83. மலைபூத்தபோது,-,-,-,தமிழ்,164,விஷ்ணுபுரம் பதிப்பகம்,2022,சிறுகதை,பிற,200,-,Paper Back
"                   ,,",84. வணிக இலக்கியம்,-,-,-,தமிழ்,112,விஷ்ணுபுரம் பதிப்பகம்,2022,கட்டுரை,இலக்கியம்,130,-,Paper Back
"                   ,,",85. ஒருபாலுறவு: சில விவாதங்கள்,-,-,-,தமிழ்,76,விஷ்ணுபுரம் பதிப்பகம்,2022,கட்டுரை,விளிம்புநிலை மக்கள்,90,-,Paper Back
"                   ,,",86. நத்தையின் பாதை,-,-,-,தமிழ்,84,விஷ்ணுபுரம் பதிப்பகம்,2022,கட்டுரை,இலக்கியம்,100,-,Paper Back
"                   ,,",87. ஆலயம் எவருடையது?,-,-,-,தமிழ்,134,விஷ்ணுபுரம் பதிப்பகம்,2022,கட்டுரை,இந்து மதம்,150,-,Paper Back
"                   ,,",88. சாதி: ஓர் உரையாடல்,-,-,-,தமிழ்,188,விஷ்ணுபுரம் பதிப்பகம்,2022,கட்டுரை,இந்து மதம்,220,-,Paper Back
"                   ,,",89. இந்து மெய்மை,-,-,-,தமிழ்,180,விஷ்ணுபுரம் பதிப்பகம்,2022,கட்டுரை,இந்து மதம்,210,-,Paper Back
"                   ,,",90. இலக்கியத்தின் நுழைவாயிலில்,-,-,-,தமிழ்,136,விஷ்ணுபுரம் பதிப்பகம்,2022,கட்டுரை,இலக்கியம்,160,-,Paper Back
"                   ,,",91. எழுகதிர்,-,-,-,தமிழ்,304,விஷ்ணுபுரம் பதிப்பகம்,2022,சிறுகதை,பிற,360,-,Paper Back
"                   ,,",92. தன்னைக் கடத்தல்,-,-,-,தமிழ்,-,தன்னறம் நூல்வெளி,2022,கட்டுரை,பிற,170,-,Paper Back
"                   ,,",93. எழுதுக,-,-,-,தமிழ்,-,தன்னறம் நூல்வெளி,2022,கட்டுரை,இலக்கியம்,180,-,Paper Back
"                   ,,",94. தேவி (விஷ்ணுபுரம் பதிப்பகம்),-,-,-,தமிழ்,286,விஷ்ணுபுரம் பதிப்பகம்,2022,சிறுகதை,பிற,320,-,Paper Back
"                   ,,","95.  ஐந்து நெருப்பு
",-,-,-,தமிழ்,256,விஷ்ணுபுரம் பதிப்பகம்,2022,சிறுகதை,பிற,280,-,Paper Back
"                   ,,",96. ஆனையில்லா,-,-,-,தமிழ்,320,விஷ்ணுபுரம் பதிப்பகம்,2021,சிறுகதை,பிற,370,-,Paper Back
"                   ,,",97. அந்த முகில் இந்த முகில்,-,-,-,தமிழ்,200,விஷ்ணுபுரம் பதிப்பகம்,2021,நாவல்,பிற,240,-,Paper Back
"                   ,,",98. வாசிப்பின் வழிகள்,-,-,-,தமிழ்,172,விஷ்ணுபுரம் பதிப்பகம்,2021,கட்டுரை,இலக்கியம்,210,-,Paper Back
"                   ,,",99. ஆயிரம் ஊற்றுகள்,-,-,-,தமிழ்,176,விஷ்ணுபுரம் பதிப்பகம்,2021,சிறுகதை,பிற,210,9789392379031,Paper Back
"                   ,,",100. தங்கப்புத்தகம்,-,-,-,தமிழ்,288,விஷ்ணுபுரம் பதிப்பகம்,2021,சிறுகதை,பிற,330,-,Paper Back
"                   ,,",101. பத்து லட்சம் காலடிகள்,-,-,-,தமிழ்,246,விஷ்ணுபுரம் பதிப்பகம்,2021,சிறுகதை,பிற,330,-,Paper Back
"                   ,,",102. வான் நெசவு,-,-,-,தமிழ்,192,விஷ்ணுபுரம் பதிப்பகம்,2021,சிறுகதை,பிற,250,-,Paper Back
"                   ,,",103. குமரித்துறைவி,-,-,-,தமிழ்,176,விஷ்ணுபுரம் பதிப்பகம்,2021,சிறுகதை,பிற,200,-,Paper Back
"                   ,,",104. வெள்ளை யானை (வம்சி புக்ஸ்),-,-,-,தமிழ்,-,வம்சி புக்ஸ்,2021,நாவல்,தலித்தியம்,500,9789384598822,Paper Back
"                   ,,",105. இருட்கனி (செம்பதிப்பு),-,-,-,தமிழ்,688,கிழக்கு பதிப்பகம்,2021,நாவல்,இந்து மதம்,900,9789351350484,Paper Back
"                   ,,",106. திசைகளின் நடுவே,-,-,-,தமிழ்,-,நற்றிணை பதிப்பகம்,2021,சிறுகதை,பிற,200,-,Paper Back
"                   ,,",107. கன்னியாகுமரி (நற்றிணை பதிப்பகம்),-,-,-,தமிழ்,-,நற்றிணை பதிப்பகம்,2021,நாவல்,பிற,190,9788194965916,Paper Back
"                   ,,",108. ஜெ. சைதன்யாவின் சிந்தனை மரபு,-,-,-,தமிழ்,-,தன்னறம் நூல்வெளி,2021,கட்டுரை,குழந்தை வளர்ப்பு,120,-,Paper Back
"                   ,,",109. கார்கடல் (செம்பதிப்பு),-,-,-,தமிழ்,-,கிழக்கு பதிப்பகம்,2021,நாவல்,இந்து மதம்,1100,9789351350477,Hardcover
"                   ,,",110. தீயின் எடை (செம்பதிப்பு),-,-,-,தமிழ்,574,கிழக்கு பதிப்பகம்,2021,நாவல்,இந்து மதம்,800,9789390958023,Hardcover
"                   ,,",111. இருட்கனி,-,-,-,தமிழ்,-,கிழக்கு பதிப்பகம்,2021,நாவல்,இந்து மதம்,800,-,Paper Back
"                   ,,",112. கார்கடல்,-,-,-,தமிழ்,-,கிழக்கு பதிப்பகம்,2021,நாவல்,இந்து மதம்,1000,9789390958016,Paper Back
"                   ,,","113. செந்நா வேங்கை
",-,-,-,தமிழ்,848,கிழக்கு பதிப்பகம்,2020,நாவல்,இந்து மதம்,1000,9789351350453,Paper Back
"                   ,,",114. இமைக்கணம்,-,-,-,தமிழ்,560,கிழக்கு பதிப்பகம்,2020,நாவல்,இந்து மதம்,650,9789351350446,Paper Back
"                   ,,",115. செந்நா வேங்கை (செம்பதிப்பு),-,-,-,தமிழ்,848,கிழக்கு பதிப்பகம்,2020,நாவல்,இந்து மதம்,1100,9789351350422,Hardcover
"                   ,,",116. நூறு நாற்காலிகள் (வம்சி புக்ஸ்),-,-,-,தமிழ்,-,வம்சி புக்ஸ்,2020,சிறுகதை,பிற,50,-,Paper Back
"                   ,,",117. நலமறிதல்,-,-,-,தமிழ்,-,தன்னறம் நூல்வெளி,2020,கட்டுரை,உடல்நலம்-மருத்துவம்,200,-,Paper Back
"                   ,,",118. ஜப்பான்: ஒரு கீற்றோவியம்,-,-,-,தமிழ்,-,கிழக்கு பதிப்பகம்,2020,பயணக்குறிப்பு,பிற,170,9789351350361,Paper Back
"                   ,,",119. திசைதேர் வெள்ளம்,-,-,-,தமிழ்,840,கிழக்கு பதிப்பகம்,2020,நாவல்,இந்து மதம்,1000,9789390958009,Paper Back
"                   ,,",120. திசைதேர் வெள்ளம் (செம்பதிப்பு),-,-,-,தமிழ்,840,கிழக்கு பதிப்பகம்,2020,நாவல்,இந்து மதம்,1100,9789351350460,Hardcover
"                   ,,",121. இமைக்கணம் (செம்பதிப்பு),-,-,-,தமிழ்,-,கிழக்கு பதிப்பகம்,2019,நாவல்,இந்து மதம்,800,9789351350224,Hardcover
"                   ,,",122. துளிக் கனவு,-,-,-,தமிழ்,-,நற்றிணை பதிப்பகம்,2019,சிறுகதை,பிற,140,-,Paper Back
"                   ,,",123. பிரதமன்,-,-,-,தமிழ்,144,நற்றிணை பதிப்பகம்,2019,சிறுகதை,பிற,180,9788193901779,Paper Back
"                   ,,",124. தெய்வங்கள் பேய்கள் தேவர்கள்,-,-,-,தமிழ்,-,நற்றிணை பதிப்பகம்,2019,கட்டுரை,பிற,280,9788193901786,Paper Back
"                   ,,",125. தன்மீட்சி,-,-,-,தமிழ்,-,தன்னறம் நூல்வெளி,2019,கட்டுரை,பிற,200,-,Paper Back
"                   ,,",126. உரையாடும் காந்தி,-,-,-,தமிழ்,-,தன்னறம் நூல்வெளி,2019,கட்டுரை,காந்தி,350,-,Paper Back
"                   ,,",127. ராஜ் கௌதமன்: பண்பாட்டு ஆய்வாளரை மதிப்பிடுதல்,-,-,-,தமிழ்,-,சொல் புதிது,2019,கட்டுரை,இலக்கியம்,-,-,Paper Back
"                   ,,",128. குருதிச்சாரல்,-,-,-,தமிழ்,-,கிழக்கு பதிப்பகம்,2019,நாவல்,இந்து மதம்,1000,9788184939859,Paper Back
"                   ,,",129. எழுதழல்,-,-,-,தமிழ்,846,கிழக்கு பதிப்பகம்,2019,நாவல்,பிற,1000,9788184939842,Paper Back
"                   ,,","130. யானை டாக்டர்

",-,-,-,தமிழ்,-,தன்னறம் நூல்வெளி,2019,-,-,60,-,Paper Back
"                   ,,",131. குருதிச்சாரல் (செம்பதிப்பு),-,-,-,தமிழ்,-,கிழக்கு பதிப்பகம்,2018,நாவல்,இந்து மதம்,1100,9788184939293,Hardcover
"                   ,,","132. வெள்ளி நிலம்
",-,-,-,தமிழ்,-,விகடன் பிரசுரம்,2018,நாவல்,பிற,195,-,Paper Back
"                   ,,",133. எழுதழல் (செம்பதிப்பு),-,-,-,தமிழ்,848,கிழக்கு பதிப்பகம்,2018,நாவல்,இந்து மதம்,1200,9788184939286,Hardcover
"                   ,,",134. நீர்க்கோலம்,-,-,-,தமிழ்,1021,கிழக்கு பதிப்பகம்,2018,நாவல்,இந்து மதம்,1200,9788184939736,Paper Back
"                   ,,",135. நீர்க்கோலம் (செம்பதிப்பு),-,-,-,தமிழ்,1024,கிழக்கு பதிப்பகம்,2018,நாவல்,இந்து மதம்,1300,9788184939095,Hardcover
"                   ,,",136. இலக்கிய முன்னோடிகள்,-,-,-,தமிழ்,-,நற்றிணை பதிப்பகம்,2018,கட்டுரை,இலக்கியம்,750,-,Hardcover
"                   ,,",137. பன்னிரு படைக்களம் (செம்பதிப்பு),-,-,-,தமிழ்,992,கிழக்கு பதிப்பகம்,2017,நாவல்,இந்து மதம்,1000,9788184934816,Hardcover
"                   ,,",138. சொல்வளர்காடு (செம்பதிப்பு),-,-,-,தமிழ்,728,கிழக்கு பதிப்பகம்,2017,நாவல்,இந்து மதம்,1200,9788184937305,Hardcover
"                   ,,",139. மாமலர்,-,-,-,தமிழ்,968,கிழக்கு பதிப்பகம்,2017,நாவல்,இந்து மதம்,1100,9788184938203,Paper Back
"                   ,,","140.  முகங்களின் தேசம்
",-,-,-,தமிழ்,360,சூரியன் பதிப்பகம்,2017,கட்டுரை,பிற,225,9789385118876,Paper Back
"                   ,,",141. மாமலர் (செம்பதிப்பு),-,-,-,தமிழ்,968,கிழக்கு பதிப்பகம்,2017,நாவல்,இந்து மதம்,1000,9788184938128,Paper Back
"                   ,,",142. கிராதம் (செம்பதிப்பு),-,-,-,தமிழ்,944,கிழக்கு பதிப்பகம்,2017,நாவல்,இந்து மதம்,1300,9788184938098,Hardcover
"                   ,,",143. கிராதம்,-,-,-,தமிழ்,944,கிழக்கு பதிப்பகம்,2017,நாவல்,இந்து மதம்,1100,9788184938180,Paper Back
"                   ,,",144. கலாச்சார இந்து,-,-,-,தமிழ்,176,நற்றிணை பதிப்பகம்,2017,கட்டுரை,இந்து மதம்,200,-,Hardcover
"                   ,,",145. ஈழ இலக்கியம்: ஒரு விமர்சனப் பார்வை,-,-,-,தமிழ்,168,கிழக்கு பதிப்பகம்,2017,கட்டுரை,"இலக்கியம்,ஈழம்",155,9789386737359,Paper Back
"                   ,,",146. சொல்வளர்காடு,-,-,-,தமிழ்,728,கிழக்கு பதிப்பகம்,2017,நாவல்,இந்து மதம்,850,9788184937398,Paper Back
"                   ,,",147. பன்னிரு படைக்களம்,-,-,-,தமிழ்,992,கிழக்கு பதிப்பகம்,2017,நாவல்,இந்து மதம்,1200,9788184937152,Paper Back
"                   ,,",148. நூறு நிலங்களின் மலை,-,-,-,தமிழ்,-,கிழக்கு பதிப்பகம்,2017,பயணக்குறிப்பு,பண்டைய இந்தியா,180,9789386737151,Paper Back
"                   ,,",149. குகைகளின் வழியே,-,-,-,தமிழ்,-,கிழக்கு பதிப்பகம்,2017,பயணக்குறிப்பு,பண்டைய இந்தியா,160,9789386737144,Paper Back
"                   ,,",150. ஏழாம் உலகம் (கிழக்குப் பதிப்பகம்),-,-,-,தமிழ்,287,கிழக்கு பதிப்பகம்,2017,நாவல்,பிற,370,9788184934410,Paper Back
"                   ,,",151. வலசைப் பறவை,-,-,-,தமிழ்,104,நற்றிணை பதிப்பகம்,2017,கட்டுரை,பிற,125,-,Paper Back
"                   ,,",152. சொல்லிமுடியாதவை,-,-,-,தமிழ்,162,நற்றிணை பதிப்பகம்,2017,கட்டுரை,பிற,180,-,Hardcover
"                   ,,",153. உச்சவழு,-,-,-,தமிழ்,176,நற்றிணை பதிப்பகம்,2017,சிறுகதை,பிற,200,-,Paper Back
"                   ,,",154. இந்திரநீலம் (செம்பதிப்பு),-,-,-,தமிழ்,968,கிழக்கு பதிப்பகம்,2016,நாவல்,இந்து மதம்,1000,9789384149567,Hardcover
"                   ,,",155. காண்டீபம் (செம்பதிப்பு),-,-,-,தமிழ்,784,கிழக்கு பதிப்பகம்,2016,நாவல்,இந்து மதம்,900,9789384149758,Hardcover
"                   ,,",156. வெய்யோன் (செம்பதிப்பு),-,-,-,தமிழ்,848,கிழக்கு பதிப்பகம்,2016,நாவல்,இந்து மதம்,1100,9789384149963,Hardcover
"                   ,,","157. ஆயிரம் கைகள்
",-,-,-,தமிழ்,85,கிழக்கு பதிப்பகம்,2016,நாவல்,இந்து மதம்,90,9789384149598,Paper Back
"                   ,,",158. ஊமைச்செந்நாய் (கிழக்கு பதிப்பகம்),-,-,-,தமிழ்,192,கிழக்கு பதிப்பகம்,2016,கட்டுரை,பிற,225,9789384149734,Paper Back
"                   ,,",159. இருள்விழி,-,-,-,தமிழ்,392,கிழக்கு பதிப்பகம்,2016,நாவல்,இந்து மதம்,215,9789384149604,Paper Back
"                   ,,",160. காண்டீபம்,-,-,-,தமிழ்,784,கிழக்கு பதிப்பகம்,2016,நாவல்,இந்து மதம்,900,9789384149765,Paper Back
"                   ,,",161. வெய்யோன்,-,-,-,தமிழ்,848,கிழக்கு பதிப்பகம்,2016,நாவல்,இந்து மதம்,1000,9789384149970,Paper Back
"                   ,,",162. இந்திரநீலம்,-,-,-,தமிழ்,968,கிழக்கு பதிப்பகம்,2016,நாவல்,இந்து மதம்,1100,9789384149710,Paper Back
"                   ,,",163. சிலுவையின் பெயரால்,-,-,-,தமிழ்,216,கிழக்கு பதிப்பகம்,2016,கட்டுரை,கிறிஸ்தவம்,250,9789384149451,Paper Back
"                   ,,",164. சொல்முகம் (கிழக்கு பதிப்பகம்),-,-,-,தமிழ்,200,கிழக்கு பதிப்பகம்,2016,உரை,பிற,225,9788184936452,Paper Back
"                   ,,",165. தனிக்குரல்,-,-,-,தமிழ்,216,கிழக்கு பதிப்பகம்,2016,உரை,பிற,250,9788184936247,Paper Back
"                   ,,",166. அருகர்களின் பாதை,-,-,-,தமிழ்,272,கிழக்கு பதிப்பகம்,2016,பயணக்குறிப்பு,பிற,350,9788184936797,Paper Back
"                   ,,",167. இந்தியப் பயணம்,-,-,-,தமிழ்,136,கிழக்கு பதிப்பகம்,2016,பயணக்குறிப்பு,பிற,150,9788184936810,Paper Back
"                   ,,",168. அபிப்பிராய சிந்தாமணி,-,-,-,தமிழ்,768,கிழக்கு பதிப்பகம்,2016,கட்டுரை,நகைச்சுவை,900,9788184936490,Paper Back
"                   ,,",169. இந்திய ஞானம்,-,-,-,தமிழ்,264,கிழக்கு பதிப்பகம்,2016,கட்டுரை,"மெய்யியல்,இந்து மதம்",285,9788184936827,Paper Back
"                   ,,",170. விஷ்ணுபுரம் (கிழக்கு பதிப்பகம்),-,-,-,தமிழ்,827,கிழக்கு பதிப்பகம்,2016,நாவல்,இந்து மதம்,1100,9789384149789,Paper Back
"                   ,,",171. காடு,-,-,-,தமிழ்,448,தமிழினி,2016,நாவல்,பிற,690,-,Hardcover
"                   ,,",172. பிரயாகை (செம்பதிப்பு),-,-,-,தமிழ்,1085,கிழக்கு பதிப்பகம்,2015,நாவல்,இந்து மதம்,1500,9789384149109,Hardcover
"                   ,,",173. முதற்கனல் (செம்பதிப்பு),-,-,-,தமிழ்,496,கிழக்கு பதிப்பகம்,2015,நாவல்,இந்து மதம்,800,9789384149123,Hardcover
"                   ,,",174. மழைப்பாடல் (செம்பதிப்பு),-,-,-,தமிழ்,1013,கிழக்கு பதிப்பகம்,2015,நாவல்,இந்து மதம்,1500,-,Hardcover
"                   ,,",175. வண்ணக்கடல் (செம்பதிப்பு),-,-,-,தமிழ்,781,கிழக்கு பதிப்பகம்,2015,நாவல்,இந்து மதம்,1200,9789384149208,Hardcover
"                   ,,",176. வெண்முகில் நகரம் (செம்பதிப்பு),-,-,-,தமிழ்,-,கிழக்கு பதிப்பகம்,2015,நாவல்,இந்து மதம்,1100,9789384149314,Hardcover
"                   ,,",178. நீலம் (செம்பதிப்பு) (கிழக்கு பதிப்பகம்),-,-,-,தமிழ்,357,கிழக்கு பதிப்பகம்,2015,நாவல்,இந்து மதம்,650,9789384149239,Hardcover
"                   ,,",179. செம்மணிக்கவசம்,-,-,-,தமிழ்,198,கிழக்கு பதிப்பகம்,2015,நாவல்,இந்து மதம்,140,9789384149482,Paper Back
"                   ,,",180. எரிமலர்,-,-,-,தமிழ்,207,கிழக்கு பதிப்பகம்,2015,நாவல்,இந்து மதம்,140,9789384149468,Paper Back
"                   ,,",181. புல்லின் தழல்,-,-,-,தமிழ்,263,கிழக்கு பதிப்பகம்,2015,நாவல்,இந்து மதம்,160,9789384149475,Paper Back
"                   ,,",182. புல்வெளி தேசம் (கிழக்கு பதிப்பகம்),-,-,-,தமிழ்,200,கிழக்கு பதிப்பகம்,2015,பயணக்குறிப்பு,பிற,225,9789384149277,Paper Back
"                   ,,",183. சாட்சி மொழி: சில அரசியல் குறிப்புகள் (கிழக்கு பதிப்பகம்),-,-,-,தமிழ்,288,கிழக்கு பதிப்பகம்,2015,கட்டுரை,பிற,320,9789384149383,Paper Back
"                   ,,",184. நீலம்,-,-,-,தமிழ்,357,கிழக்கு பதிப்பகம்,2015,நாவல்,இந்து மதம்,450,9789384149246,Paper Back
"                   ,,",184. முதற்கனல்,-,-,-,தமிழ்,496,கிழக்கு பதிப்பகம்,2015,நாவல்,இந்து மதம்,600,9789384149093,Paper Back
"                   ,,",185. வண்ணக்கடல்,-,-,-,தமிழ்,80,கிழக்கு பதிப்பகம்,2015,நாவல்,இந்து மதம்,900,9789384149215,Paper Back
"                   ,,",186. மழைப்பாடல்,-,-,-,தமிழ்,1013,கிழக்கு பதிப்பகம்,2015,நாவல்,இந்து மதம்,1200,9789384149192,Paper Back
"                   ,,",187. பிரயாகை,-,-,-,தமிழ்,1085,கிழக்கு பதிப்பகம்,2015,நாவல்,இந்து மதம்,1300,9789384149161,Paper Back
"                   ,,",188. புதிய காலம்: சில சமகால எழுத்தாளர்கள்,-,-,-,தமிழ்,296,கிழக்கு பதிப்பகம்,2015,கட்டுரை,இலக்கியம்,325,9789384149390,Paper Back
"                   ,,",189. லோகி: நினைவுகள் - மதிப்பீடுகள்,-,-,-,தமிழ்,120,கிழக்கு பதிப்பகம்,2015,கட்டுரை,சினிமா,150,9789384149284,Paper Back
"                   ,,",190. இன்று பெற்றவை,-,-,-,தமிழ்,264,கிழக்கு பதிப்பகம்,2015,கட்டுரை,இலக்கியம்,300,9789384149253,Paper Back
"                   ,,",191. உலோகம்,-,-,-,தமிழ்,216,கிழக்கு பதிப்பகம்,2015,நாவல்,"ஈழம்,க்ரைம் த்ரில்லர்",220,9788184935882,Paper Back
"                   ,,",192. முன்சுவடுகள்: சில வாழ்க்கை வரலாறுகள்,-,-,-,தமிழ்,136,கிழக்கு பதிப்பகம்,2015,வாழ்க்கை வரலாறு,இலக்கியம்,190,9789384149260,Paper Back
"                   ,,",193. அனல்காற்று,-,-,-,தமிழ்,168,தமிழினி,2015,நாவல்,பிற,180,-,Paper Back
"                   ,,",194. பின்தொடரும் நிழலின் குரல்,-,-,-,தமிழ்,723,தமிழினி,2015,நாவல்,மார்க்சியம்,790,-,Hardcover
"                   ,,",195. வெண்கடல்,-,-,-,தமிழ்,232,வம்சி புக்ஸ்,2014,சிறுகதை,பிற,200,9789380545776,Paper Back
"                   ,,",196. கன்னியாகுமரி,-,-,-,தமிழ்,160,தமிழினி,2014,நாவல்,பிற,120,-,Paper Back
"                   ,,",197. நீலம் (நற்றிணை பதிப்பகம்),-,-,-,தமிழ்,288,நற்றிணை பதிப்பகம்,2014,நாவல்,இந்து மதம்,250,9789382648857,Paper Back
"                   ,,",198. நீலம் (செம்பதிப்பு) (நற்றிணை பதிப்பகம்),-,-,-,தமிழ்,285,நற்றிணை பதிப்பகம்,2014,நாவல்,இந்து மதம்,450,9789382648857,Paper Back
"                   ,,",201. ரப்பர்,-,-,-,தமிழ்,176,நற்றிணை பதிப்பகம்,2014,நாவல்,பிற,190,9789382648406,Paper Back
"                   ,,",202. சுந்தர ராமசாமி: நினைவின் நதியில்,-,-,-,தமிழ்,240,நற்றிணை பதிப்பகம்,2014,நினைவஞ்சலி,இலக்கியம்,260,-,Paper Back
"                   ,,",203. கன்னிநிலம் (கிழக்கு பதிப்பகம்),-,-,-,தமிழ்,158,நற்றிணை பதிப்பகம்,2013,நாவல்,பிற,200,9789384149536,Paper Back
"                   ,,",204. புறப்பாடு,-,-,-,தமிழ்,456,நற்றிணை பதிப்பகம்,2013,கட்டுரை,பிற,380,9789382648666,Paper Back
"                   ,,",205. பனிமனிதன்,-,-,-,தமிழ்,224,நற்றிணை பதிப்பகம்,2013,நாவல்,பிற,250,9789382648659,Paper Back
"                   ,,",206. சங்கச் சித்திரங்கள் (நற்றிணை பதிப்பகம்),-,-,-,தமிழ்,224,நற்றிணை பதிப்பகம்,2013,கட்டுரை,தொல்லியல்,220,9789382648635,Paper Back
Translation,207. மீன்கள்,தெளிவத்தை ஜோசப்,-,ஜெயமோகன்,தமிழ்,112,நற்றிணை பதிப்பகம்,2013,சிறுகதை,பிற,100,9789382648642,Paper Back
"                   ,,",208. ஜெயமோகன் சிறுகதைகள் (நற்றிணை பதிப்பகம்),-,-,-,தமிழ்,560,நற்றிணை பதிப்பகம்,2013,சிறுகதை,பிற,460,9789382648390,Paper Back
"                   ,,",209. ஜெயமோகன் குறுநாவல்கள் (நற்றிணை பதிப்பகம்),-,-,-,தமிழ்,304,நற்றிணை பதிப்பகம்,2013,நாவல்,பிற,250,9789382648383,Paper Back
"                   ,,",210. வெள்ளையானை,-,-,-,தமிழ்,408,எழுத்து,2013,நாவல்,பிற,400,9788190425476,Paper Back
"                   ,,",211. பிஎப் அண்ணா ஹஜார்,-,-,-,தமிழ்,128,கிழக்கு பதிப்பகம்,2012,-,இந்திய அரசியல்,20,9788184933987,Paper Back
"                   ,,",212. யானை டாக்டர் (வம்சி புக்ஸ்,-,-,-,தமிழ்,48,வம்சி புக்ஸ்,2012,சிறுகதை,சூழலியல்,50,9789384598532,Paper Back
"                   ,,",213. ஜெயமோகன் சிறுகதைகள் (கிழக்கு பதிப்பகம்),-,-,-,தமிழ்,600,கிழக்கு பதிப்பகம்,2012,சிறுகதை,பிற,750,9788184935011,Paper Back
"                   ,,",214. நாளும் பொழுதும்,-,-,-,தமிழ்,160,நற்றிணை பதிப்பகம்,2012,கட்டுரை,பிற,170,9789382648222,Paper Back
"                   ,,",215. கொற்றவை,-,-,-,தமிழ்,598,தமிழினி,2012,நாவல்,பிற,900,-,Paper Back
Translation,216. வேங்கைச்சவாரி,விவேக் ஷான்பாக்,ஜெயமோகன்,-,தமிழ்,160,வம்சி புக்ஸ்,2011,"சிறுகதை,மொழிபெயர்ப்பு",பிற,100,9789380545066,Paper Back
"                   ,,",217. அண்ணா ஹசாரே: ஊழலுக்கு எதிரான காந்தியப் போராட்டம்,-,-,-,தமிழ்,127,கிழக்கு பதிப்பகம்,2011,கட்டுரை,"இந்திய அரசியல்,காந்தி",155,9788184936889,Paper Back
"                   ,,",218. நூறு நாற்காலிகள்,-,-,-,தமிழ்,80,எழுத்து,2011,சிறுகதை,பிற,40,9798190425451,Paper Back
"                   ,,",219. பேய்க்கதைகளும் தேவதைக்கதைகளும்,-,-,-,தமிழ்,152,கிழக்கு பதிப்பகம்,2011,சிறுகதை,பிற,175,9788184935035,Paper Back
"                   ,,","220. அறம்
உண்மை மனிதர்களின் கதைகள்",-,-,-,தமிழ்,400,வம்சி புக்ஸ்,2011,சிறுகதை,பிற,400,9789380545424,Paper Back
"                   ,,",221. ஜெயமோகன் குறுநாவல்கள் (கிழக்கு பதிப்பகம்),-,-,-,தமிழ்,320,கிழக்கு பதிப்பகம்,2011,நாவல்,பிற,350,9788184936674,Paper Back
"                   ,,",222. இரவு,-,-,-,தமிழ்,240,தமிழினி,2011,நாவல்,பிற,270,-,Paper Back
"                   ,,",223. நவீனத் தமிழிலக்கிய அறிமுகம்,-,-,-,தமிழ்,345,கிழக்கு பதிப்பகம்,2011,கட்டுரை,இலக்கியம்,440,9788184936896,Paper Back
"                   ,,",224. விசும்பு,-,-,-,தமிழ்,136,கிழக்கு பதிப்பகம்,2010,சிறுகதை,அறிவியல் புனைவு,190,9788184936100,Paper Back
"                   ,,",225.நாவல்: கோட்பாடு,-,-,-,தமிழ்,144,கிழக்கு பதிப்பகம்,2009,கட்டுரை,இலக்கியம்,175,9788184933864,Paper Back
"                   ,,",226. பனி மனிதன் (கிழக்கு பதிப்பகம்),-,-,-,தமிழ்,256,கிழக்கு பதிப்பகம்,2009,நாவல்,பிற,275,9788184933857,Paper Back
"                   ,,",227. மேற்குச்சாளரம்,-,-,-,தமிழ்,128,உயிர்மை பதிப்பகம்,2009,கட்டுரை,இலக்கியம்,78,9789380072296,Paper Back
"                   ,,",228. லோகி: நினைவுகள் - மதிப்பீடுகள் (உயிர்மை பதிப்பகம்),-,-,-,தமிழ்,128,உயிர்மை பதிப்பகம்,2009,நாட்குறிப்பு / நினைவுக்குறிப்பு,சினிமா,75,9789380072357,Paper Back
"                   ,,",229. புதிய காலம்,-,-,-,தமிழ்,290,உயிர்மை பதிப்பகம்,2009,கட்டுரை,இலக்கியம்,170,9789380072340,Paper Back
"                   ,,",230. சாட்சி மொழி: சில அரசியல் குறிப்புகள்,-,-,-,தமிழ்,272,உயிர்மை பதிப்பகம்,2009,கட்டுரை,பிற,160,9789380072388,Paper Back
"                   ,,",231. வாழ்விலே ஒரு முறை,-,-,-,தமிழ்,128,கிழக்கு பதிப்பகம்,2009,சிறுகதை,பிற,180,9788184933840,Paper Back
"                   ,,",232. இந்து ஞான மரபில் ஆறு தரிசனங்கள்,-,-,-,தமிழ்,200,கிழக்கு பதிப்பகம்,2009,கட்டுரை,இந்து மதம்,235,9788184933833,Paper Back
"                   ,,",233. கண்ணீரைப் பின்தொடர்தல்,-,-,-,தமிழ்,214,உயிர்மை பதிப்பகம்,2006,கட்டுரை,இலக்கியம்,125,8188641995,Paper Back
"                   ,,",234. ஜனநாயகச் சோதனைச் சாலையில்,-,-,-,தமிழ்,240,தினமலர்,-,-,-,175,-,Paper Back
"                   ,,",235. இவர்கள் இருந்தார்கள்,-,-,-,தமிழ்,-,நற்றிணை பதிப்பகம்,-,வாழ்க்கை வரலாறு,இலக்கியம்,160,-,Paper Back
"                   ,,",236. அறம் (தனிக்கதை),-,-,-,தமிழ்,-,வம்சி புக்ஸ்,-,சிறுகதை,பிற,20,-,Paper Back
"                   ,,",237. சோற்றுக் கணக்கு,-,-,-,தமிழ்,-,வம்சி புக்ஸ்,--,சிறுகதை,பிற,20,9789384598549,Paper Back
"                   ,,",238. Yaanai Doctor (English),-,-,-,English,-,Vamsi Books,-,"Short Story, Translation ",Miscellaneous,-,-,Paper Back
"                   ,,",239. கன்னியாகுமரி (கவிதாபப்ளிகேஷன்),-,-,-,தமிழ்,-,கவிதா பப்ளிகேஷன்,-,-,-,100,-,Paper Back
"                   ,,",240. கூந்தல்,-,-,-,தமிழ்,-,கவிதா பப்ளிகேஷன்,-,சிறுகதை,-,60,-,Paper Back
"                   ,,",241. வெண்முகில் நகரம் (தொகுதி 1 & 2),-,-,-,தமிழ்,-,கிழக்கு பதிப்பகம்,-,நாவல்,இந்து மதம்,1350,9789384149321,Paper Back
"                   ,,",242. புல்வெளி தேசம்,-,-,-,தமிழ்,208,உயிர்மை பதிப்பகம்,-,பயணக்குறிப்பு,பிற,125,9789380072364,Paper Back
"                   ,,",243. விதி சமைப்பவர்கள்,-,-,-,தமிழ்,216,கயல் கவின்,-,கட்டுரை,பிற,190,-,Paper Back
"                   ,,",244. எழுதியவனைக் கண்டுபிடித்தல்,-,-,-,தமிழ்,136,கயல் கவின்,-,கலந்துரையாடல்,இலக்கியம்,120,-,Paper Back
"                   ,,",245. கன்னிநிலம்,-,-,-,தமிழ்,168,கயல் கவின்,-,நாவல்,பிற,140,-,Paper Back
"                   ,,",246. நமது கைகளில்,-,-,-,தமிழ்,168,கயல் கவின்,-,கலந்துரையாடல்,இலக்கியம்,150,-,Paper Back
"                   ,,",247. ஆகவே கொலை புரிக!,-,-,-,தமிழ்,160,கயல் கவின்,-,கட்டுரை,பண்பாடு,140,-,Paper Back
"                   ,,",248. சங்கச் சித்திரங்கள் (தமிழினி பதிப்பகம்),-,-,-,தமிழ்,-,தமிழினி,-,கட்டுரை,-,190,-,Paper Back
"                   ,,",249. சொல்முகம் (நற்றிணை பதிப்பகம்),-,-,-,தமிழ்,224,நற்றிணை பதிப்பகம்,-,உரை,பிற,250,9789382648239,Paper Back
"                   ,,",250. ஊமைச்செந்நாய்,-,-,-,தமிழ்,208,நற்றிணை பதிப்பகம்,-,சிறுகதை,பிற,160,9789382648437,Paper Back
"                   ,,",251. எழுதும் கலை,-,-,-,தமிழ்,-,தமிழினி,-,கட்டுரை,இலக்கியம்,120,-,Paper Back
"                   ,,",252. இன்றைய காந்தி,-,-,-,தமிழ்,-,தமிழினி,-,கட்டுரை,காந்தி,530,-,Hardcover
நா. பார்த்தசாரதி,1. சமுதாய வீதி (மெய் நிழல்),-,-,-,தமிழ்,216,மெய் நிழல்,2024,நாவல்,-,220,-,Paper Back
"                   ,,",2. குறிஞ்சி மலர் (கொடிமுல்லை),-,-,-,தமிழ்,448,கொடிமுல்லை,2022,நாவல்,க்ளாசிக்ஸ்,400,-,Paper Back
"                   ,,",3. குறிஞ்சிமலர்,-,-,-,தமிழ்,480,நிவேதிதா பதிப்பகம்,2022,நாவல்,-,350,-,Paper Back
"                   ,,",4. மகாத்மாவைத் தேடி,-,-,-,தமிழ்,-,கௌரா பதிப்பகக் குழுமம்,2022,-,-,-,-,Paper Back
"                   ,,",5. புறநானூற்று சிறுகதைகள்,-,-,-,தமிழ்,183,கௌரா பதிப்பகக் குழுமம்,2019,சிறுகதை,பிற,180,-,Paper Back
"                   ,,",6. சமுதாய வீதி (திருமகள் நிலையம்),-,-,-,தமிழ்,224,திருமகள் நிலையம்,2019,நாவல்,-,105,-,Paper Back
"                   ,,",7. நீல நயனங்கள்,-,-,-,தமிழ்,592,கௌரா பதிப்பகக் குழுமம்,2018,நாவல்,பிற,580,-,Paper Back
"                   ,,",8. சுந்தரக் கனவுகள்,-,-,-,தமிழ்,208,கௌரா பதிப்பகக் குழுமம்,2017,நாவல்,பிற,160,-,Paper Back
"                   ,,",9. மகாபாரதம்: அறத்தின் குரல்,-,-,-,தமிழ்,456,சந்தியா பதிப்பகம்,2017,"நாவல்,மொழிபெயர்ப்பு",இந்து மதம்,400,-,Paper Back
"                   ,,",10. பாண்டிமாதேவி (மக்கள் பதிப்பு),-,-,-,தமிழ்,-,ஸ்ரீ செண்பகா பதிப்பகம்,-,நாவல்,-,300,-,Paper Back
"                   ,,",11. நெஞ்சக்கனல் (ஸ்ரீ செண்பகா பதிப்பகம்),-,-,-,தமிழ்,176,ஸ்ரீ செண்பகா பதிப்பகம்,2014,நாவல்,-,100,-,Paper Back
"                   ,,",12.பிறந்த மண் (ஸ்ரீ செண்பகா பதிப்பகம்),-,-,-,தமிழ்,256,ஸ்ரீ செண்பகா பதிப்பகம்,2014,நாவல்,-,150,-,Paper Back
"                   ,,",13. பூப்போல ஒரு பெண்,-,-,-,தமிழ்,112,ஸ்ரீ செண்பகா பதிப்பகம்,2014,நாவல்,-,70,-,Paper Back
"                   ,,",14. உணர்ச்சிகளின் ஊர்வலம்,-,-,-,தமிழ்,104,ஸ்ரீ செண்பகா பதிப்பகம்,2014,நாவல்,-,65,-,Paper Back
"                   ,,",15. நா.பா. வின் சில சிறுகதைகளும் சில குறுநாவல்களும்,-,-,-,தமிழ்,320,ஸ்ரீ செண்பகா பதிப்பகம்,2014,"நாவல்,சிறுகதை",-,200,-,Paper Back
"                   ,,",16. பாண்டிமாதேவி (திருமகள் நிலையம்),-,-,-,தமிழ்,800,திருமகள் நிலையம்,2012,நாவல்,-,300,-,Paper Back
"                   ,,",17. நித்திலவல்லி (திருமகள் நிலையம்),-,-,-,தமிழ்,376,திருமகள் நிலையம்,2012,நாவல்,-,140,-,Paper Back
"                   ,,",18. மணி பல்லவம் (ஸ்ரீ இந்து பப்ளிகேஷன்ஸ்),-,-,-,தமிழ்,360,ஸ்ரீ இந்து பப்ளிகேஷன்ஸ்,2012,நாவல்,-,180,-,Paper Back
"                   ,,",19. பாண்டிமாதேவி (ஸ்ரீ இந்து பப்ளிகேஷன்ஸ்),-,-,-,தமிழ்,360,ஸ்ரீ இந்து பப்ளிகேஷன்ஸ்,2012,நாவல்,-,180,-,Paper Back
"                   ,,",20. பொன்விலங்கு (ஸ்ரீ இந்து பப்ளிகேஷன்ஸ்),-,-,-,தமிழ்,544,ஸ்ரீ இந்து பப்ளிகேஷன்ஸ்,2012,நாவல்,-,160,-,Paper Back
"                   ,,",21.  குறிஞ்சி மலர் (ஸ்ரீ இந்து பப்ளிகேஷன்ஸ்,-,-,-,தமிழ்,360,ஸ்ரீ இந்து பப்ளிகேஷன்ஸ்,2012,-,-,110,-,Paper Back
"                   ,,",22. சுந்தரக் கனவுகள் (ஸ்ரீ செண்பகா பதிப்பகம்),-,-,-,தமிழ்,192,ஸ்ரீ செண்பகா பதிப்பகம்,2011,-,பிற,90,-,Paper Back
"                   ,,",23. பட்டுப் பூச்சி,-,-,-,தமிழ்,128,ஸ்ரீ செண்பகா பதிப்பகம்,2011,-,-,80,-,Paper Back
"                   ,,",24. சமுதாய வீதி (ஸ்ரீ செண்பகா பதிப்பகம்),-,-,-,தமிழ்,216,ஸ்ரீ செண்பகா பதிப்பகம்,2011,-,பிற,105,-,Paper Back
"                   ,,",25. சாயங்கால மேகங்கள் (மக்கள் பதிப்பு),-,-,-,தமிழ்,200,ஸ்ரீ செண்பகா பதிப்பகம்,2010,-,-,100,-,Paper Back
"                   ,,",26. மணிபல்லவம் (மக்கள் பதிப்பு),-,-,-,தமிழ்,672,ஸ்ரீ செண்பகா பதிப்பகம்,2010,-,-,350,-,Paper Back
"                   ,,",27. கவிதைக் கலை,-,-,-,தமிழ்,128,கௌரா பதிப்பகக் குழுமம்,2010,"கவிதை,இலக்கணம்",-,120,-,Paper Back
"                   ,,",28. பொன் விலங்கு (திருமகள் நிலையம்),-,-,-,தமிழ்,616,திருமகள் நிலையம்,2009,நாவல்,-,250,-,Paper Back
"                   ,,",29. குறிஞ்சி மலர் (திருமகள் நிலையம்),-,-,-,தமிழ்,512,திருமகள் நிலையம்,2009,நாவல்,-,290,-,Paper Back
"                   ,,",30. சத்திய வெள்ளம் (திருமகள் நிலையம்),-,-,-,தமிழ்,384,திருமகள் நிலையம்,2008,நாவல்,-,130,-,Paper Back
"                   ,,",31. மணிபல்லவம் (திருமகள் நிலையம்),-,-,-,தமிழ்,768,திருமகள் நிலையம்,2008,நாவல்,-,355,-,Paper Back
"                   ,,",32. கபாடபுரம் (வரலாற்று நாவல்),-,-,-,தமிழ்,150,கௌரா பதிப்பகக் குழுமம்,2007,நாவல்,பிற,120,-,Paper Back
"                   ,,",33. ஆத்மாவின் ராகங்கள் (தமிழ் புத்தகாலயம்),-,-,-,தமிழ்,264,தமிழ்ப் புத்தகாலயம் - தாகம்,2005,நாவல்,-,80,-,Paper Back
"                   ,,",34. கோபுர தீபம் (த வ து),-,-,-,தமிழ்,-,தமிழ் வளர்ச்சித் துறை,-,நாவல்,-,240,-,Paper Back
"                   ,,",35. நித்திலவல்லி (தமிழ் வளர்ச்சித் துறை),-,-,-,தமிழ்,-,தமிழ் வளர்ச்சித் துறை,-,"நாவல்,வரலாறு",-,200,-,Paper Back
"                   ,,",36. நினைவின் நிழல்கள்,-,-,-,தமிழ்,-,கௌரா பதிப்பகக் குழுமம்,-,நாவல்,-,500,9789392406928,Paper Back
"                   ,,",37. மலைச் சிகரம்,-,-,-,தமிழ்,-,கௌரா பதிப்பகக் குழுமம்,-,-,-,480,-,Paper Back
"                   ,,",38. நா.பா. வின் சரித்திர சிறுகதைகள்,-,-,-,தமிழ்,696,கௌரா பதிப்பகக் குழுமம்,-,சிறுகதை,வரலாறு,700,9789382689621,Hardcover
"                   ,,",39. தனிப்பாடல் கதைகள்,-,-,-,தமிழ்,220,கௌரா பதிப்பகக் குழுமம்,-,நாவல்,-,200,-,Paper Back
"                   ,,",40. மகாபாரதம் வசனம்,-,-,-,தமிழ்,416,கௌரா பதிப்பகக் குழுமம்,-,இலக்கியம்,-,400,-,Paper Back
"                   ,,",41. மொழியின் வழியே,-,-,-,தமிழ்,104,கௌரா பதிப்பகக் குழுமம்,-,நாவல்,-,35,-,Paper Back
"                   ,,",42. சாயங்கால மேகங்கள்,-,-,-,தமிழ்,192,கௌரா பதிப்பகக் குழுமம்,-,நாவல்,-,140,-,Paper Back
"                   ,,",43. வெற்றி முழக்கம்,-,-,-,தமிழ்,352,கௌரா பதிப்பகக் குழுமம்,-,நாவல்,-,200,-,Paper Back
"                   ,,",44. பாண்டிமாதேவி (கௌரா பதிப்பகக் குழுமம்),-,-,-,தமிழ்,648,கௌரா பதிப்பகக் குழுமம்,-,நாவல்,-,550,-,-
"                   ,,",45. துளசி மாடம்,-,-,-,தமிழ்,256,கௌரா பதிப்பகக் குழுமம்,-,நாவல்,-,140,-,Paper Back
"                   ,,",46. ஆத்மாவின் ராகங்கள் (கௌரா பதிப்பகக் குழுமம்),-,-,-,தமிழ்,208,கௌரா பதிப்பகக் குழுமம்,-,நாவல்,-,100,-,Paper Back
"                   ,,",47. நெஞ்சக்கனல் (கௌரா பதிப்பகக் குழுமம்),-,-,-,தமிழ்,152,கௌரா பதிப்பகக் குழுமம்,-,நாவல்,-,70,-,Paper Back
"                   ,,",48. நித்திலவல்லி,-,-,-,தமிழ்,400,கௌரா பதிப்பகக் குழுமம்,-,நாவல்,-,200,-,Paper Back
"                   ,,",49. மணிபல்லவம் (கௌரா பதிப்பகக் குழுமம்),-,-,-,தமிழ்,752,கௌரா பதிப்பகக் குழுமம்,-,நாவல்,-,650,-,Paper Back
"                   ,,",50. ராணி மங்கம்மாள் (கௌரா பதிப்பகக் குழுமம்),-,-,-,தமிழ்,192,கௌரா பதிப்பகக் குழுமம்,-,நாவல்,-,140,-,Paper Back
"                   ,,",51. சமுதாய வீதி (கௌரா பதிப்பகக் குழுமம்),-,-,-,தமிழ்,184,கௌரா பதிப்பகக் குழுமம்,-,நாவல்,-,100,-,Paper Back
"                   ,,",52. வஞ்சிமாநகரம்,-,-,-,தமிழ்,96,கௌரா பதிப்பகக் குழுமம்,-,நாவல்,-,110,-,Paper Back
"                   ,,",53. குறிஞ்சி மலர் (கௌரா பதிப்பகக் குழுமம்),-,-,-,தமிழ்,400,கௌரா பதிப்பகக் குழுமம்,-,நாவல்,-,250,-,Paper Back
"                   ,,",54. பொன் விலங்கு (கௌரா பதிப்பகக் குழுமம்),-,-,-,தமிழ்,624,கௌரா பதிப்பகக் குழுமம்,-,நாவல்,-,600,-,-
"                   ,,",55. பாகவதக் கதைகள்,-,-,-,தமிழ்,180,கௌரா பதிப்பகக் குழுமம்,-,நாவல்,-,200,9789388697804,Paper Back
"                   ,,","56. அனிச்ச மலர், புதுமுகம்",-,-,-,தமிழ்,258,கௌரா பதிப்பகக் குழுமம்,-,நாவல்,-,250,-,Paper Back
"                   ,,",57. பழந்தமிழர் கட்டடக் கலையும் நகரமைப்பும்,-,-,-,தமிழ்,163,கௌரா பதிப்பகக் குழுமம்,-,நாவல்,-,180,-,Paper Back
"                   ,,",58. பிறந்த மண் (கௌரா பதிப்பகக் குழுமம்),-,-,-,தமிழ்,248,கௌரா பதிப்பகக் குழுமம்,-,நாவல்,-,240,-,Paper Back
"                   ,,",59. நா. பாவின் சரித்திர சிறுகதைகள்,-,-,-,தமிழ்,696,கௌரா பதிப்பகக் குழுமம்,-,நாவல்,-,500,-,Paper Back
"                   ,,",60. சத்திய வெள்ளம் (கௌரா பதிப்பகக் குழுமம்),-,-,-,தமிழ்,448,கௌரா பதிப்பகக் குழுமம்,-,நாவல்,-,420,-,Paper Back
"                   ,,",61. சொல்லின் செல்வம்,-,-,-,தமிழ்,204,கௌரா பதிப்பகக் குழுமம்,-,நாவல்,-,200,-,Paper Back
"                   ,,",62. துளசிமாடம் (குமரன் பதிப்பகம்),-,-,-,தமிழ்,-,குமரன் பதிப்பகம்,-,நாவல்,-,200,-,Paper Back
"                   ,,",63. குறிஞ்சி மலர் (குமரன் பதிப்பகம்),-,-,-,தமிழ்,-,குமரன் பதிப்பகம்,-,நாவல்,-,250,-,Paper Back
"                   ,,",64. பாண்டிமாதேவி (குமரன் பதிப்பகம்),-,-,-,தமிழ்,-,குமரன் பதிப்பகம்,-,நாவல்,-,450,-,Paper Back
"                   ,,",65. மணிபல்லவம் (குமரன் பதிப்பகம்),-,-,-,தமிழ்,-,குமரன் பதிப்பகம்,-,"நாவல்,வரலாறு",-,450,-,Paper Back
"                   ,,",66. பொன் விலங்கு (வானதி பதிப்பகம்),-,-,-,தமிழ்,-,வானதி பதிப்பகம்,-,நாவல்,-,200,-,Paper Back
"                   ,,",67. தமிழ் இலக்கியக் கதைகள் (தமிழ்ப் புத்தகாலயம் ),-,-,-,தமிழ்,200,தமிழ்ப் புத்தகாலயம் - தாகம்,-,இலக்கியம்,-,55,-,Paper Back
"                   ,,",68. வஞ்சி மாநகரம்,-,-,-,தமிழ்,-,திருமகள் நிலையம்,-,நாவல்,-,50,-,Paper Back
"                   ,,",69. ராணி மங்கம்மா,-,-,-,தமிழ்,-,திருமகள் நிலையம்,-,நாவல்,-,80,-,Paper Back
"                   ,,",70. சாயங்கால மேகங்கள் (திருமகள் நிலையம்),-,-,-,தமிழ்,-,திருமகள் நிலையம்,-,நாவல்,-,110,-,Paper Back
"                   ,,",71. கபாடபுரம் (திருமகள் நிலையம்),-,-,-,தமிழ்,-,திருமகள் நிலையம்,-,நாவல்,-,130,-,Paper Back
"                   ,,",72. நா. பா. சரித்திரக் கதைகள் (வஞ்சி மாநகரம் - கபாடபுரம்),-,-,-,தமிழ்,-,ஸ்ரீ செண்பகா பதிப்பகம்,-,சிறுகதை,-,220,-,Paper Back
"                   ,,",73. ராணி மங்கம்மாள் (மக்கள் பதிப்பு),-,-,-,தமிழ்,-,ஸ்ரீ செண்பகா பதிப்பகம்,-,நாவல்,-,100,-,Paper Back
"                   ,,",74. சத்திய வெள்ளம்,-,-,-,தமிழ்,-,தமிழ்ப் புத்தகாலயம் - தாகம்,-,நாவல்,-,150,-,Paper Back
Translation,75. சரத்சந்திரர்: மனிதப் பண்பும் கலைத் திறனும்,எஸ். ஸி. சென்குப்தா,நா. பார்த்தசாரதி,-,தமிழ்,165,சாகித்திய அகாடெமி,-,மொழிபெயர்ப்பு,-,25,-,Paper Back
"                   ,,",76.சமுதாய வீதி (கவிதா பப்ளிகேஷன்),-,-,-,தமிழ்,-,கவிதா பப்ளிகேஷன்,-,நாவல்,-,100,-,Paper Back
"                   ,,",77. ராணி மங்கம்மாள் (கவிதா பப்ளிகேஷன்),-,-,-,தமிழ்,-,கவிதா பப்ளிகேஷன்,-,நாவல்,-,100,-,Paper Back
"                   ,,",78. கபாடபுரம் (கவிதா பப்ளிகேஷன்),-,-,-,தமிழ்,-,கவிதா பப்ளிகேஷன்,-,நாவல்,-,80,-,Paper Back
"                   ,,",79. குறிஞ்சி மலர் (கவிதா பப்ளிகேஷன்),-,-,-,தமிழ்,-,கவிதா பப்ளிகேஷன்,-,நாவல்,-,200,-,Paper Back
"                   ,,",80. நித்திலவல்லி (கவிதா பப்ளிகேஷன்),-,-,-,தமிழ்,-,கவிதா பப்ளிகேஷன்,-,நாவல்,-,180,-,Paper Back
"                   ,,",81. வஞ்சி மாநகரம் (கவிதா பப்ளிகேஷன்),-,-,-,தமிழ்,-,கவிதா பப்ளிகேஷன்,-,நாவல்,-,70,-,Paper Back
"                   ,,",82. பாண்டிமாதேவி (கவிதா பப்ளிகேஷன்),-,-,-,தமிழ்,-,கவிதா பப்ளிகேஷன்,-,நாவல்,-,270,-,Paper Back
"                   ,,",83. மணிபல்லவம் (கவிதா பப்ளிகேஷன்),-,-,-,தமிழ்,-,கவிதா பப்ளிகேஷன்,-,நாவல்,-,270,-,Paper Back
"                   ,,",84. நெஞ்சக்கனல் (கவிதா பப்ளிகேஷன்),-,-,-,தமிழ்,-,கவிதா பப்ளிகேஷன்,-,நாவல்,-,180,-,Paper Back
"                   ,,",85. மகாபாரதம்: அறத்தின் குரல் (அமராவதி),-,-,-,தமிழ்,-,அமராவதி,-,-,-,200,-,Paper Back
"                   ,,",86. சுந்தரக் கனவுகள் (அமராவதி),-,-,-,தமிழ்,-,அமராவதி,-,-,-,100,-,Paper Back
"                   ,,",87. பிறந்த மண் (அமராவதி),-,-,-,தமிழ்,-,அமராவதி,-,-,-,130,-,Paper Back
"                   ,,",88. நெஞ்சக்கனல்,-,-,-,தமிழ்,-,அமராவதி,-,சிறுகதை,-,90,-,Paper Back
"                   ,,",89. நா.பா.வின் இலக்கியக் கதைகள்,-,-,-,தமிழ்,-,அமராவதி,-,சிறுகதை,இலக்கியம்,200,-,Paper Back
"                   ,,",90.  சமுதாய வீதி,-,-,-,தமிழ்,-,அமராவதி,-,-,-,140,-,Paper Back
"                   ,,",91. மூவரை வென்றான்,-,-,-,தமிழ்,-,அமராவதி,-,-,-,60,-,Paper Back
"                   ,,",92. தமிழ் இலக்கியக் கதைகள்,-,-,-,தமிழ்,-,அமராவதி,-,சிறுகதை,இலக்கியம்,100,-,Paper Back
"                   ,,",93. புறநானூற்றுச் சிறுகதைகள் (அமராவதி),-,-,-,தமிழ்,-,அமராவதி,-,சிறுகதை,-,90,-,Paper Back
"                   ,,",94. வஞ்சிமா நகரம் (அமராவதி),-,-,-,தமிழ்,-,அமராவதி,-,நாவல்,-,60,-,Paper Back
"                   ,,",95. கபாடபுரம் (அமராவதி),-,-,-,தமிழ்,-,அமராவதி,-,நாவல்,-,90,-,Paper Back
"                   ,,",96. ராணி மங்கம்மாள் (அமராவதி),-,-,-,தமிழ்,-,அமராவதி,-,நாவல்,-,110,-,Paper Back
"                   ,,",97. வெற்றி முழக்கம் (அமராவதி),-,-,-,தமிழ்,-,அமராவதி,-,நாவல்,-,150,-,Paper Back
"                   ,,",98. நித்திலவல்லி (அமராவதி,-,-,-,தமிழ்,-,அமராவதி,-,நாவல்,-,200,-,Paper Back
"                   ,,",99. சத்திய வெள்ளம் (அமராவதி),-,-,-,தமிழ்,-,அமராவதி,-,நாவல்,-,240,-,Paper Back
"                   ,,",100. சாயங்கால மேகங்கள் (அமராவதி),-,-,-,தமிழ்,-,அமராவதி,-,நாவல்,-,160,-,Paper Back
"                   ,,",101. துளசி மாடம் (அமராவதி),-,-,-,தமிழ்,-,அமராவதி,-,நாவல்,-,205,-,Paper Back
"                   ,,",102. குறிஞ்சி மலர் (அமராவதி),-,-,-,தமிழ்,-,அமராவதி,-,நாவல்,-,220,-,Paper Back
"                   ,,",103. பொன்விலங்கு (அமராவதி),-,-,-,தமிழ்,-,அமராவதி,-,நாவல்,-,300,-,Paper Back
"                   ,,",104. மணிபல்லவம் (அமராவதி),-,-,-,தமிழ்,-,அமராவதி,-,நாவல்,-,300,-,Paper Back
"                   ,,",105. பாண்டிமாதேவி (அமராவதி),-,-,-,தமிழ்,-,அமராவதி,-,நாவல்,-,300,-,Paper Back
"                   ,,",106. ஆத்மாவின் ராகங்கள்,-,-,-,தமிழ்,-,பூம்புகார் பதிப்பகம்,-,நாவல்,-,70,-,Paper Back
"                   ,,",107. மகாபாரதம் (அறத்தின் குரல்,-,-,-,தமிழ்,-,பூம்புகார் பதிப்பகம்,-,"நாவல்,மொழிபெயர்ப்பு",இந்து மதம்,300,-,Paper Back
"                   ,,",108. துளசிமாடம்,-,-,-,தமிழ்,-,பூம்புகார் பதிப்பகம்,-,நாவல்,-,175,-,Paper Back
"                   ,,",109. கபாடபுரம்,-,-,-,தமிழ்,-,பூம்புகார் பதிப்பகம்,-,நாவல்,வரலாறு,75,-,Paper Back
"                   ,,",110. ராணி மங்கம்மாள்,-,-,-,தமிழ்,-,பூம்புகார் பதிப்பகம்,-," நாவல்,வரலாறு",-,60,-,Paper Back
"                   ,,",111. பாண்டிமாதேவி,-,-,-,தமிழ்,-,பூம்புகார் பதிப்பகம்,-,"நாவல்,வரலாறு",-,290,-,Paper Back
"                   ,,",112. பட்டுப்பூச்சி,-,-,-,தமிழ்,134,கௌரா பதிப்பகக் குழுமம்,-,நாவல்,-,130,-,Paper Back
"                   ,,",113. கோபுர தீபம்,-,-,-,தமிழ்,376,கௌரா பதிப்பகக் குழுமம்,-,நாவல்,-,300,-,Paper Back
"                   ,,",114. மணிபல்லவம்,-,-,-,தமிழ்,-,பூம்புகார் பதிப்பகம்,-,நாவல்,-,320,-,Paper Back
"                   ,,",115. பிறந்த மண்,-,-,-,தமிழ்,-,பூம்புகார் பதிப்பகம்,-,நாவல்,-,130,-,Paper Back
"                   ,,",116. குறிஞ்சி மலர்,-,-,-,தமிழ்,-,பூம்புகார் பதிப்பகம்,-,நாவல்,-,160,-,Paper Back
ஹாருகி முரகாமி,1. ஸ்புட்னிக் இனியாள்,,லக்ஷ்மி ப்ரியா,,,-,எதிர் வெளியீடு,2023,,-,350,9789390811717,
ஹாருகி முரகாமி,2. பெண்களற்ற ஆண்கள்,,ஸ்ரீதர் ரங்கராஜ்,,,-,எதிர் வெளியீடு,2022,"சிறுகதை,மொழிபெயர்ப்பு",பிற,320,-,
ஹாருகி முரகாமி,3. காஃப்கா கடற்கரையில்,,கார்த்திகைப் பாண்டியன்,,,-,எதிர் வெளியீடு,2021,"நாவல்,மொழிபெயர்ப்பு",பிற,900,9789390811151,
ஹாருகி முரகாமி,4. அவள் நகரம் அவள் ஆடுகள்,,ச. ஆறுமுகம்,,,-,கடல் பதிப்பகம்,2021,"சிறுகதை,மொழிபெயர்ப்பு",பிற,-,-,
ஹாருகி முரகாமி,5.கினோ,,ஸ்ரீதர் ரங்கராஜ்,,,312,எதிர் வெளியீடு,2018,"சிறுகதை,மொழிபெயர்ப்பு",பிற,350,9789387333093,
ஹாருகி முரகாமி,6. பூனைகள் நகரம்,,ஜி . குப்புசாமி,,,300,வம்சி புக்ஸ்,2016,"சிறுகதை,மொழிபெயர்ப்பு",பிற,350,9789384598341,
ஹாருகி முரகாமி,7. நோர்வீஜியன் வுட்,,கே. சுப்பிரமணியன்,,,492,எதிர் வெளியீடு,2015,நாவல்,பிற,350,-,
ஹாருகி முரகாமி,8. நூறு சதவீத பொருத்தமான யுவதியை ஓர் அழகிய ஏப்ரல் காலையில் பார்த்தபோது,,ஜி . குப்புசாமி,,,216,வம்சி புக்ஸ்,2014,"சிறுகதை,மொழிபெயர்ப்பு",பிற,170,9789384598174,
ஹாருகி முரகாமி,9. யானை காணாமலாகிறது,,,சிபிச்செல்வன்,,136,மலைகள்,2013,"சிறுகதை,மொழிபெயர்ப்பு",பிற,150,-,
ஹாருகி முரகாமி,10. வேட்டைக்கத்தி,,ச. ஆறுமுகம்,,,96,ஆதி பதிப்பகம்,2012,"சிறுகதை,மொழிபெயர்ப்பு",பிற,70,9788192223537,
ஓ. ஹென்றி,1. ஓ ஹென்றியின் கதைகள்,,வி. எஸ் .வெங்கடேசன்,,,112,வ. உ. சி. நூலகம்,2013,"சிறுகதை,மொழிபெயர்ப்பு",-,70,-,
ஓ. ஹென்றி,2. செவ்விந்தியர் தலைவன் கடத்தல் (ப்ராடிஜி தமிழ்),,,,,80,கிழக்கு பதிப்பகம்,2009,சிறுவர் கதை,-,60,9788184932713,
ஓ. ஹென்றி,3. The Best of O. Henry,,,,English,268,Jaico Publishing House,2008,Short Story,-,199,9788179928332,
ஓ. ஹென்றி,4. ஓ. ஹென்றி கதைகள்,,கோ. பிரேம்குமார்,,,-,புதுப்புனல்,-,"சிறுகதை,மொழிபெயர்ப்பு",பிற,-,-,
இன்குலாப்,"1.இன்குலாப் கட்டுரைகள் (இரண்டு தொகுதிகள்)
",-,-,வீ. அரசு,தமிழ்,-,அன்னம் - அகரம் பதிப்பகம்,2022,கட்டுரை,பிற,1200,-,Hardcover
"""",2. தீராத கவித்துவத்தின் சுடர்,-,-,-,தமிழ்,-,தமிழ் அலை,2020,கவிதை,இலக்கியம்,-,-,Paperback
"""",3.இன்குலாப் நேர்காணல்கள்,-,-,-,தமிழ்,-,அன்னம் - அகரம் பதிப்பகம்,2018,-,மார்க்சியம்,260,-,Paperback
"""",4.மானுடக் குரல்: இன்குலாப் நேர்காணல்கள்,-,-,-,தமிழ்,208,தமிழ் அலை,2017,நேர்காணல்,மார்க்சியம்,170,-,Paperback
"""",5.ஒவ்வொரு புல்லையும் பெயர் சொல்லி அழைப்பேன்,-,-,-,தமிழ்,-,அன்னம் - அகரம் பதிப்பகம்,2017,கவிதை,பிற,600,-,Paperback
"""",6. ஔவை,-,-,-,தமிழ்,120,அன்னம் - அகரம் பதிப்பகம்,2017,நாடகம்,பிற,90,-,Paperback
"""",7. இன்குலாப் நாடகங்கள்,-,-,-,தமிழ்,-,அன்னம் - அகரம் பதிப்பகம்,2016,நாடகம்,பிற,450,-,Paperback
"""",8. பாலையில் ஒரு சுனை,-,-,-,தமிழ்,200,அன்னம் - அகரம் பதிப்பகம்,2016,சிறுகதை,பிற,160,-,Paperback
"""",9. ஆனால்,-,-,-,தமிழ்,286,அன்னம் - அகரம் பதிப்பகம்,2015,சிறுகதை,பிற,225,-,Paperback
"""",10. காந்தள் நாட்கள்,-,-,-,தமிழ்,143,அன்னம் - அகரம் பதிப்பகம்,2012,சிறுகதை,பிற,130,-,Paperback
"""",11. எதிர்சொல்,-,-,-,தமிழ்,-,அன்னம் - அகரம் பதிப்பகம்,-,-,-,130,-,Paperback
Translation,12. நான் போகும் இடமெல்லாம்,சுபாஷ் முகோபாத்யாய்,இன்குலாப்,-,தமிழ்,68,சாகித்திய அகாடெமி,-,"கவிதை,மொழிபெயர்ப்பு",-,50,8126008385,Paperback
மேலாண்மை பொன்னுச்சாமி,1. மின்சாரப்பூ,-,-,-,தமிழ்,152,ஸ்ரீ செண்பகா பதிப்பகம்,2022,சிறுகதை,-,150,-,Paperback
"""",2. தாய்மதி,-,-,-,தமிழ்,200,வானதி பதிப்பகம்,2010,சிறுகதை,-,65,-,Paperback
"""",3. பூக்கும் மாலை,-,-,-,தமிழ்,224,திருவரசு புத்தக நிலையம்,2007,நாவல்,-,70,-,Paperback
"""",4. உயிர்க்காற்று,-,-,-,தமிழ்,223,வானதி பதிப்பகம்,-,நாவல்,-,70,-,Paperback
"""",5. காகிதம்,-,-,-,தமிழ்,223,திருவரசு புத்தக நிலையம்,-,நாவல்,-,50,-,Paperback
"""",6. மேலாண்மை பொன்னுச்சாமியின் - இனி,-,-,-,தமிழ்,172,திருவரசு புத்தக நிலையம்,-,நாவல்,-,45,-,Paperback
"""",7. சூரிய வேர்வை,-,-,-,தமிழ்,234,திருவரசு புத்தக நிலையம்,-,நாவல்,-,80,-,Paperback
"""",8.பூச்சுமை,-,-,-,தமிழ்,216,திருவரசு புத்தக நிலையம்,-,நாவல்,-,70,-,Paperback
"""",9.முற்றுகை,-,-,-,தமிழ்,268,திருவரசு புத்தக நிலையம்,-,நாவல்,-,85,-,Paperback
ராஜாஜி ராஜகோபாலன்,1.நாராயணபுரம்,-,-,-,தமிழ்,416,டிஸ்கவரி புக் பேலஸ்,2021,நாவல்,பிற,450,-,Paperback
"""",2.ராஜாஜி கட்டுரைகள்,-,-,-,தமிழ்,226,வானதி பதிப்பகம்,2012,கட்டுரை,-,75,-,Paperback
"""",3.கம்பரின் ஐந்து நூல்கள்,-,-,-,தமிழ்,-,வானதி பதிப்பகம்,2008,-,இலக்கியம்,45,-,Paperback
"""",4.ஆற்றின் மோகம்,-,-,-,தமிழ்,112,வானதி பதிப்பகம்,2003,சிறுகதை,-,25,-,Paperback
"""",5.ஸோக்ரதர்,-,-,-,தமிழ்,90,வானதி பதிப்பகம்,1971,"கட்டுரை,வரலாறு",-,35,-,Paperback
"""",6.ஆத்ம சிந்தனை,-,-,-,தமிழ்,96,வானதி பதிப்பகம்,1971,கட்டுரை,மெய்யியல்,45,-,Paperback
"""",7.திண்ணை ரசாயனம்,-,-,-,தமிழ்,-,வானதி பதிப்பகம்,-,கட்டுரை,-,20,-,Paperback
"""",8.உண்மைகள் உறங்குவதில்லை,-,-,-,தமிழ்,-,வானதி பதிப்பகம்,-,-,-,60,-,Paperback
"""",9.ராஜாஜியின் ஜெயில் டைரி,-,-,-,தமிழ்,-,வானதி பதிப்பகம்,-,"கட்டுரை,நாட்குறிப்பு / நினைவுக்குறிப்பு",-,130,-,Paperback
"""",10.ராஜாஜியின் கருத்துகள்,-,-,-,தமிழ்,-,வானதி பதிப்பகம்,-,கட்டுரை,-,70,-,Paperback
"""",11.பிள்ளையார் காப்பாற்றினார்,-,-,-,தமிழ்,-,வானதி பதிப்பகம்,-,சிறுகதை,-,35,-,Paperback
"""",12.நிரந்தரச் செல்வம்,-,-,-,தமிழ்,80,வானதி பதிப்பகம்,-,சிறுகதை,-,40,-,Paperback
"""",13.குழந்தைகளுக்கான குட்டிக் கதைகள் - II,-,-,-,தமிழ்,-,வானதி பதிப்பகம்,-,சிறுவர் கதை,-,50,-,Paperback
"""",14ராஜாஜி கதைகள்,-,-,-,தமிழ்,170,வானதி பதிப்பகம்,-,சிறுகதை,-,85,-,Paperback
"""",15.வள்ளுவர் வாசகம்,-,-,-,தமிழ்,170,வானதி பதிப்பகம்,-,இலக்கியம்,-,85,-,Paperback
"""",16.சக்கரவர்த்தித் திருமகன் (இராமாயணம் ),-,-,-,தமிழ்,-,வானதி பதிப்பகம்,-,நாவல்,-,260,-,Paperback
லா. ச. ராமாமிருதம்,1.சிந்தா நதி (ரிதம் புக்),-,-,-,தமிழ்,240,Rhythm Book Distributers,2024,நாவல்,-,-,9789393724953,Paperback
"""",2.சிந்தா நதி (ஸ்ரீ செண்பகா பதிப்பகம்),-,-,-,தமிழ்,224,ஸ்ரீ செண்பகா பதிப்பகம்,2023,நாவல்,-,225,-,Paperback
"""",3.பஞ்சபூதக் கதைகள்,-,-,-,தமிழ்,-,எழுத்து பிரசுரம் (Tamil imprint of Zero Degree Publishing),2021,சிறுகதை,பிற,220,-,Paperback
"""",4.அவள்,-,-,-,தமிழ்,-,எழுத்து பிரசுரம் (Tamil imprint of Zero Degree Publishing),2021,-,-,730,-,Paperback
"""",5.சிந்தா நதி,-,-,-,தமிழ்,-,கௌரா பதிப்பகக் குழுமம்,2020,-,-,220,-,Paperback
"""",6.அபிதா,-,-,-,தமிழ்,-,எழுத்து பிரசுரம் (Tamil imprint of Zero Degree Publishing),2019,நாவல்,பிற,120,9789388860369,Paperback
"""",7.அபிதா (வளரி வெளியீடு),-,-,-,தமிழ்,-,வளரி வெளியீடு,2018,நாவல்,பிற,100,-,Paperback
"""",8.அபிதா (அன்னம்-அகரம்),-,-,-,தமிழ்,-,அன்னம் - அகரம் பதிப்பகம்,2017,நாவல்,பிற,95,-,Paperback
"""",9.ஜனனி,-,-,-,தமிழ்,184,சந்தியா பதிப்பகம்,2017,சிறுகதை,,160,9789381343265,Paperback
"""",10.கேள்விக்குறி: லா. ச. ரா. சிறுகதைகள்,-,-,-,தமிழ்,416,வம்சி புக்ஸ்,2016,சிறுகதை,பிற,390,9789384598396,Paperback
"""",11.புத்ர (டிஸ்கவரி புக் பேலஸ்),-,-,-,தமிழ்,144,டிஸ்கவரி புக் பேலஸ்,2016,நாவல்,பிற,220,9789384301439,Paperback
"""",12.புத்ர (காலச்சுவடு பதிப்பகம்),-,-,-,தமிழ்,176,காலச்சுவடு,2016,நாவல்,பிற,220,9789352440078,Paperback
"""",13.பச்சைக்கனவு,-,-,பாரதிபாலன்,தமிழ்,400,நற்றிணை பதிப்பகம்,2015,சிறுகதை,பிற,300,9789382648796,Paperback
"""",14.புத்ர (நற்றிணை பதிப்பகம்),-,-,-,தமிழ்,160,நற்றிணை பதிப்பகம்,2014,நாவல்,பிற,190,9789382648475,Paperback
"""",15.தரிசனம்,-,-,-,தமிழ்,130,சந்தியா பதிப்பகம்,2013,கட்டுரை,பிற,120,9789381343562,Paperback
"""",16.அபிதா (நற்றிணை பதிப்பகம்,-,-,-,தமிழ்,104,நற்றிணை பதிப்பகம்,2013,நாவல்,பிற,100,9789382648482,Paperback
"""",17.லா. சா. ராமாமிருதம் கதைகள் (நான்காம் தொகுதி),-,-,-,தமிழ்,520,உயிர்மை பதிப்பகம்,2012,சிறுகதை,பிற,480,9789381095959,Paperback
"""",18.லா. சா. ராமாமிருதம் கதைகள் (மூன்றாம் தொகுதி),-,-,-,தமிழ்,560,உயிர்மை பதிப்பகம்,2012,சிறுகதை,பிற,400,9789381095942,Paperback
"""",19.லா. சா. ராமாமிருதம் கதைகள் (இரண்டாம் தொகுதி),-,-,-,தமிழ்,512,உயிர்மை பதிப்பகம்,2012,சிறுகதை,பிற,300,9789381095331,Paperback
"""",20.லா. சா. ராமாமிருதம் கதைகள் (முதல் தொகுதி,-,-,-,தமிழ்,512,உயிர்மை பதிப்பகம்,2012,சிறுகதை,பிற,300,9789381095270,Paperback
"""","21.புத்ர, அபிதா, சௌந்தர்ய...",-,-,-,தமிழ்,390,அன்னம் - அகரம் பதிப்பகம்,2012,நாவல்,பிற,250,-,Paperback
"""",22.கல் சிரிக்கிறது (சந்தியா பதிப்பகம்),-,-,-,தமிழ்,136,சந்தியா பதிப்பகம்,2012,நாவல்,பிற,100,9789381319987,Paperback
"""",23.பாற்கடல் (சந்தியா பதிப்பகம்),-,-,-,தமிழ்,262,சந்தியா பதிப்பகம்,2012,நாவல்,பிற,315,9789381343012,Paperback
"""",24.புத்ர (சந்தியா பதிப்பகம்),-,-,-,தமிழ்,160,சந்தியா பதிப்பகம்,2012,நாவல்,பிற,140,9789381343005,Paperback
"""",25.சிந்தா நதி (சந்தியா பதிப்பகம்),-,-,-,தமிழ்,240,சந்தியா பதிப்பகம்,2012,நாவல்,பிற,200,9789381319970,Paperback
"""",26.கல் சிரிக்கிறது (உயிர்மை பதிப்பகம்),-,-,-,தமிழ்,120,உயிர்மை பதிப்பகம்,2011,நாவல்,பிற,80,9789381095430,Paperback
"""",27.கேரளத்தில் எங்கோ (உயிர்மை பதிப்பகம்,-,-,-,தமிழ்,112,உயிர்மை பதிப்பகம்,2011,நாவல்,பிற,70,9789381095416,Paperback
"""",28.அபிதா (உயிர்மை பதிப்பகம்),-,-,-,தமிழ்,112,உயிர்மை பதிப்பகம்,2011,நாவல்,பிற,70,9789381095423,Paperback
"""",29.பிராயச்சித்தம்,-,-,-,தமிழ்,216,சந்தியா பதிப்பகம்,2011,நாவல்,பிற,200,9789381319932,Paperback
"""",30.அபிதா (காலச்சுவடு),-,-,-,தமிழ்,112,காலச்சுவடு,2009,நாவல்,பிற,150,9788189945909,Paperback
"""",31.சிந்தா நதி (வானதி பதிப்பகம்),-,-,-,தமிழ்,-,வானதி பதிப்பகம்,-,நாவல்,-,150,-,Paperback
"""",32.பிராயச்சித்தம் (உயிர்மை பதிப்பகம்),-,-,-,தமிழ்,-,உயிர்மை பதிப்பகம்,-,நாவல்,பிற,120,-,Paperback
"""",33.விளிம்பில்,-,-,-,தமிழ்,-,உயிர்மை பதிப்பகம்,-,நாவல்,பிற,80,-,Paperback
"""",34.லா.ச.ரா. நாவல்கள்,-,-,பேரா. சு. சண்முகசுந்தரம்,தமிழ்,-,காவ்யா பதிப்பகம் BM,-,நாவல்,-,700,-,Paperback
"""",35.அலைகள்,-,-,-,தமிழ்,-,அமராவதி,-,-,-,120,-,Paperback
"""",36.என் பிரியமுள்ள சிநேகிதனுக்கு,-,-,-,தமிழ்,-,அமராவதி,-,"கட்டுரை,கடிதம்",-,110,-,Paperback
"""",37.சிந்தா நதி (டிஸ்கவரி புக் பேலஸ்),-,-,-,தமிழ்,236,டிஸ்கவரி புக் பேலஸ்,-,கட்டுரை,பிற,180,9789384301460,Paperback
"""",38.லா. ச. ரா. தேர்ந்தெடுத்த சிறுகதைகள்,-,-,-,தமிழ்,384,டிஸ்கவரி புக் பேலஸ்,-,சிறுகதை,பிற,350,-,Paperback
"""",39.கேரளத்தில் எங்கோ,-,-,-,தமிழ்,96,டிஸ்கவரி புக் பேலஸ்,-,நாவல்,பிற,100,9789384301613,Paperback
"""",40.கல் சிரிக்கிறது (டிஸ்கவரி புக் பேலஸ்),-,-,-,தமிழ்,69,டிஸ்கவரி புக் பேலஸ்,-,நாவல்,பிற,70,-,Paperback
"""",41.சௌந்தர்ய,-,-,-,தமிழ்,80,டிஸ்கவரி புக் பேலஸ்,-,நாவல்,பிற,70,9789384301610,Paperback
"""",42.பாற்கடல் (டிஸ்கவரி புக் பேலஸ்),-,-,-,தமிழ்,256,டிஸ்கவரி புக் பேலஸ்,-,நாவல்,பிற,180,9789384301453,Paperback
"""",43.அபிதா (டிஸ்கவரி புக் பேலஸ்),-,-,-,தமிழ்,104,டிஸ்கவரி புக் பேலஸ்,-,நாவல்,-,100,9789384301477,Paperback
தொ.மு.சி . ரகுநாதன்,1.புதுமைப்பித்தன் கதைகள்: சில விமர்சனங்களும் விஷமத்தனங்களும் (பரிசல் பதிப்பகம்),-,-,-,தமிழ்,-,பரிசல்,2023,கட்டுரை,விமர்சனம்,520,9789391949471,Paperback
"""",2.இலக்கிய விமர்சனம்,-,-,-,தமிழ்,-,மலர் புக்ஸ்,2022,கட்டுரை,இலக்கியம்,120,-,Paperback
Translation,3.தாய் (வளரி வெளியீடு,மக்ஸிம் கார்க்கி,தொ.மு.சி . ரகுநாதன்,-,தமிழ்,-,வளரி வெளியீடு,2021,"நாவல்,மொழிபெயர்ப்பு",மார்க்சியம்,450,-,Paperback
Translation,4.தந்தையின் காதலி,மக்ஸிம் கார்க்கி,தொ.மு.சி . ரகுநாதன்,-,தமிழ்,106,தேநீர் பதிப்பகம்,2021,"நாவல்,மொழிபெயர்ப்பு",பிற,110,9788194956617,Paperback
"""",5.முதல் இரவு,-,-,-,தமிழ்,184,பரிசல்,2021,சிறுகதை,பிற,175,-,Paperback
Translation,6.மே தின வரலாறு,அலெக்ஸாந்தர் டிராச்டென்பர்க்,தொ.மு.சி . ரகுநாதன்,-,தமிழ்,-,நியூசெஞ்சுரி புக் ஹவுஸ்,2018,"மொழிபெயர்ப்பு,வரலாறு",மார்க்சியம்,40,-,Paperback
Translation,7.தாய் (கவிதா பப்ளிகேஷன்),மக்ஸிம் கார்க்கி,தொ.மு.சி . ரகுநாதன்,-,தமிழ்,608,கவிதா பப்ளிகேஷன்,2017,"நாவல்,மொழிபெயர்ப்பு",மார்க்சியம்,500,-,Paperback
Translation,8.தாய் (தோழமை வெளியீடு,மக்ஸிம் கார்க்கி,தொ.மு.சி . ரகுநாதன்,-,தமிழ்,536,தோழமை வெளியீடு,2016,"நாவல்,மொழிபெயர்ப்பு",மார்க்சியம்,200,978938039532,Paperback
"""",9.பஞ்சும் பசியும்,-,-,-,தமிழ்,208,பாரதி புத்தகாலயம்,2016,நாவல்,பிற,200,-,Paperback
"""",10.புதுமைப்பித்தன் வரலாறு,-,-,ஆ. இரா. வேங்கடாசலபதி,தமிழ்,244,காலச்சுவடு,2016,வாழ்க்கை வரலாறு,இலக்கியம்,295,9789352440054,Paperback
"""",11.பாரதி காலமும் கருத்தும் (கௌரா),-,-,-,தமிழ்,432,கௌரா பதிப்பகக் குழுமம்,2015,"கட்டுரை,வரலாறு",-,450,-,Paperback
Translation,12.தாய் உலகப் புகழ்பெற்ற காவியம்,மக்ஸிம் கார்க்கி,தொ.மு.சி . ரகுநாதன்,-,தமிழ்,600,ஸ்ரீ செண்பகா பதிப்பகம்,2012,கட்டுரை,-,350,-,Paperback
"""",13.சேற்றில் மலர்ந்த செந்தாமரை (நியூ செஞ்சுரி புக் ஹவுஸ்),-,-,-,தமிழ்,118,நியூசெஞ்சுரி புக் ஹவுஸ்,2012,சிறுகதை,-,120,-,Paperback
"""",14.பாரதி காலமும் கருத்தும்,-,-,-,தமிழ்,406,நியூசெஞ்சுரி புக் ஹவுஸ்,2008,கட்டுரை,-,570,9788123412252,Paperback
"""",15.புதுமைப்பித்தன் வரலாறு (நியூ செஞ்சுரி புக் ஹவுஸ்),-,-,-,தமிழ்,263,நியூசெஞ்சுரி புக் ஹவுஸ்,2006,வாழ்க்கை வரலாறு,-,110,9788123400150,Paperback
Translation,16.புதுமைப்பித்தன் கவிதைகள்,-,-,தொ.மு.சி . ரகுநாதன்,தமிழ்,65,நியூசெஞ்சுரி புக் ஹவுஸ்,2005,கவிதை,-,40,9788123409955,Paperback
"""",17.பாரதி காலமும் கருத்தும் (த வ து),-,-,-,தமிழ்,-,தமிழ் வளர்ச்சித் துறை,-,கட்டுரை,-,270,-,Paperback
"""",18.கன்னிகா (கௌரா பதிப்பகக் குழுமம்),-,-,-,தமிழ்,160,கௌரா பதிப்பகக் குழுமம்,-,சிறுகதை,-,40,-,Paperback
Translation,19தாய் (கௌரா பதிப்பகக் குழுமம்),-,தொ.மு.சி . ரகுநாதன்,-,தமிழ்,580,கௌரா பதிப்பகக் குழுமம்,-,"நாவல்,மொழிபெயர்ப்பு",-,580,-,-
"""",20.புதுமைப்பித்தன் வரலாறு (கௌரா பதிப்பகக் குழுமம்),-,-,-,தமிழ்,224,கௌரா பதிப்பகக் குழுமம்,-,வாழ்க்கை வரலாறு,-,120,-,Paperback
"""",21.புதுமைப்பித்தன் கதைகள் சில விமர்சனங்களும் விஷமத்தனங்களும்,-,-,-,தமிழ்,576,கௌரா பதிப்பகக் குழுமம்,-,கட்டுரை,-,550,9789387597686,Hardcover
"""",22.பாரதி காலமும் கருத்தும் (ஸ்ரீ செண்பகா பதிப்பகம்),-,-,-,தமிழ்,-,ஸ்ரீ செண்பகா பதிப்பகம்,-,கட்டுரை,-,280,-,Paperback
"""",23.பாரதியும் ஷெல்லியும்,-,-,-,தமிழ்,310,நியூசெஞ்சுரி புக் ஹவுஸ்,-,"இலக்கியம்,அதிபுனைவு",-,290,-,Paperback
"""",24.இலக்கிய நேர்மை - ரகுநாதன் கட்டுரைகள்,-,-,இளசை மணியன்,தமிழ்,-,நியூசெஞ்சுரி புக் ஹவுஸ்,-,நியூசெஞ்சுரி புக் ஹவுஸ்,இலக்கியம்,150,-,Paperback
"""",25.புதுமைப்பித்தன் கதைகள் சில விமர்சனங்களும் விஷமத்தனங்களும் (நியூ செஞ்சுரி புக் ஹவுஸ்,-,-,-,தமிழ்,-,நியூசெஞ்சுரி புக் ஹவுஸ்,-,கட்டுரை,-,168,-,Paperback
"""",26.பஞ்சும் பசியும் (நியூ செஞ்சுரி புக் ஹவுஸ்,-,-,-,தமிழ்,-,நியூசெஞ்சுரி புக் ஹவுஸ்,-,நாவல்,-,110,-,Paperback
"""",27.மருது பாண்டியன்,-,-,-,தமிழ்,-,அறிவுப் பதிப்பகம்,-,நாடகம்,-,85,-,Paperback
"""",28.தொ. மு. சி. ரகுநாதன் படைப்புகள்,-,-,-,தமிழ்,520,தமிழ்க் குடிஅரசுப் பதிப்பகம்,-,நாவல்,-,260,-,Paperback
Translation,29.தாய் (நியூ செஞ்சுரி புக் ஹவுஸ்),-,தொ.மு.சி . ரகுநாதன்,-,தமிழ்,-,நியூசெஞ்சுரி புக் ஹவுஸ்,-,"நாவல்,மொழிபெயர்ப்பு ",மார்க்சியம்,350,-,Paperback
"""",30.ரகுநாதம்: கட்டுரை கவிதை நாடகம்,-,-,பேரா. சு. சண்முகசுந்தரம்,தமிழ்,-,காவ்யா பதிப்பகம்,-,-,-,1100,-,Paperback
"""",31.ரகுநாதம்: படைப்புலகம்,-,-,பேரா. சு. சண்முகசுந்தரம்,தமிழ்,-,காவ்யா பதிப்பகம்,-,-,-,1500,-,Paperback
"""",32.ரகுநாதம்: பாரதீயம்,-,-,பேரா. சு. சண்முகசுந்தரம்,தமிழ்,-,காவ்யா பதிப்பகம்,-,-,-,1250,-,Paperback
"""",33.ரகுநாதம்:புதுமைபித்தம்,-,-,பேரா. சு. சண்முகசுந்தரம்,தமிழ்,-,காவ்யா பதிப்பகம்,-,-,-,1250,-,Paperback
"""",34.ரகுநாதம்: இளங்கோவம்,-,-,பேரா. சு. சண்முகசுந்தரம்,தமிழ்,-,காவ்யா பதிப்பகம்,-,-,-,1100,-,Paperback
Translation,35.மூன்று தலைமுறைகள்,-,T. M. C. Raghunathan,-,தமிழ்,-,V. O. C. Noolagam,-,-,-,350,-,Paperback
கார்த்திகைப் பாண்டியன்,1.பெட்ரோ பராமோ,யுவான் ரூல்ஃபோ,கார்த்திகைப் பாண்டியன்,-,தமிழ்,-,எதிர் வெளியீடு,2025,"நாவல், மொழிபெயர்ப்பு ",-,299,9789348598073,Paperback
"""",2.ஒரு சாகசக்காரனின் கதை,-,-,-,தமிழ்,-,எதிர் வெளியீடு,2024,சிறுகதை,-,250,-,Paperback
"""",3.ஈராக்கின் கிறிஸ்து,-,-,-,தமிழ்,-,எதிர் வெளியீடு,2023,சிறுகதை,-,250,9789390811731,Paperback
Translation,4.காஃப்கா கடற்கரையில்,ஹாருகி முரகாமி,கார்த்திகைப் பாண்டியன்,-,தமிழ்,-,எதிர் வெளியீடு,2021,"நாவல்,மொழிபெயர்ப்பு ",பிற,900,9789390811151,Paperback
Translation,5.துண்டிக்கப்பட்ட தலையின் கதை,-,கார்த்திகைப் பாண்டியன்,-,தமிழ்,184,எதிர் வெளியீடு,2019,"சிறுகதை,மொழிபெயர்ப்பு ",பிற,250,9789387333451,Paperback
Translation,6.நரகத்தில் ஒரு பருவகாலம்,ஆர்தர் ரைம்போ,கார்த்திகைப் பாண்டியன்,-,தமிழ்,68,எதிர் வெளியீடு,2017,"கவிதை,மொழிபெயர்ப்பு ",பிற,75,9789387333086,Paperback
Translation,7.ஒரு முகமூடியின் ஒப்புதல் வாக்குமூலம்,யுகியோ மிஷிமா,கார்த்திகைப் பாண்டியன்,-,தமிழ்,278,எதிர் வெளியீடு,2016,"நாவல்,மொழிபெயர்ப்பு ",பிற,300,9789384646431,Paperback
"""",8.சுல்தானின் பீரங்கி,-,-,-,தமிழ்,168,எதிர் வெளியீடு,2016,"சிறுகதை,மொழிபெயர்ப்பு ",பிற,200,9789384648929,Paperback
"""",9.மர நிறப் பட்டாம்பூச்சி,-,-,-,தமிழ்,-,எதிர் வெளியீடு,2015,சிறுகதை,பிற,180,9789384646394,Paperback
"""",10.எருது,-,-,-,தமிழ்,150,எதிர் வெளியீடு,2014,சிறுகதை,பிற,150,-,Paperback
சி. மோகன்,1.வீடு வெளி,-,-,-,தமிழ்,208,டிஸ்கவரி புக் பேலஸ்,2024,நாவல்,-,250,-,Paperback
சி. மோகன்,2.சி. மோகன் படைப்புகள் (நாவல்கள் - சிறுகதைகள்),-,-,-,தமிழ்,320,டிஸ்கவரி புக் பேலஸ்,2024,"நாவல்,சிறுகதை",பிற,450,-,Paperback
சி. மோகன்,3.நடைவழி நினைவுகள் (அடையாளம்),-,-,-,தமிழ்,272,அடையாளம் பதிப்பகம்,2023,கட்டுரை,இலக்கியம்,250,9788177203349,Paperback
சி. மோகன்,4.சுந்தர ராமசாமி: சில நினைவுகள்,-,-,-,தமிழ்,51,புலம் வெளியீடு,2022,கட்டுரை,இலக்கியம்,70,9788190789196,Paperback
சி. மோகன்,5.விந்தைக் கலைஞனின் உருவச் சித்திரம் (புலம்,-,-,-,தமிழ்,-,புலம் வெளியீடு,2022,நாவல்,பிற,150,9788190789110,Paperback
சி. மோகன்,6.பியானோ: நவீன உலகச் சிறுகதைகள்,-,-,-,தமிழ்,-,புலம் வெளியீடு,2022,சிறுகதை,பிற,250,-,Paperback
சி. மோகன்,7.கடல் மனிதனின் வருகை (புலம் வெளியீடு),-,-,-,தமிழ்,-,புலம் வெளியீடு,2022,சிறுகதை,பிற,160,9788190789202,Paperback
சி. மோகன்,8.கைவிடப்பட்ட வளர்ப்பு நாய்கள்,-,-,-,தமிழ்,81,புலம் வெளியீடு,2022,கவிதை,பிற,100,9788190788939,Paperback
சி. மோகன்,9.காலம் கலை கலைஞன் (புலம்),-,-,-,தமிழ்,432,புலம் வெளியீடு,2022,கட்டுரை,இலக்கியம்,500,9788190789127,Paperback
சி. மோகன்,10.ஜி. நாகராஜன்: எழுத்தும் வாழ்வும்,-,-,-,தமிழ்,-,புலம் வெளியீடு,2021,வாழ்க்கை வரலாறு,இலக்கியம்,120,-,Paperback
Translation,11.இரவு உணவு,ஸெல்மா லாகர்லெவ்,"க. நா. சு.சி. மோகன்புதுமைப்,பித்தன்",-,தமிழ்,128,பரிசல்,2021,"சிறுகதை,மொழிபெயர்ப்பு",பிற,120,-,Paperback
Translation,12.கமலி,-,-,-,தமிழ்,-,புலம் வெளியீடு,2020,நாவல்,பிற,150,-,Paperback
Translation,13.தமிழ் திசை,-,-,-,தமிழ்,-,தமிழ் திசை,2020,கட்டுரை,இலக்கியம்,175,-,Paperback
Translation,14.நவீன ஓவியம்: புரிதலுக்கான சில பாதைகள்,-,-,-,தமிழ்,-,போதி வனம்,2020,கட்டுரை,கலை,450,-,Paperback
Translation,15.நடைவழிக் குறிப்புகள்,-,-,-,தமிழ்,144,பரிசல்,2019,கட்டுரை,இலக்கியம்,150,-,Paperback
Translation,16.கடல் மனிதனின் வருகை,-,-,-,தமிழ்,148,அன்னம் - அகரம் பதிப்பகம்,2016,சிறுகதை,பிற,120,-,Paperback
Translation,17.புதுமைப்பித்தன் சிறுகதைகள்,புதுமைப்பித்தன்,சி. மோகன்,-,தமிழ்,350,: அன்னம் - அகரம் பதிப்பகம்,2016,சிறுகதை,பிற,500,-,Paperback
Translation,18.பியானோ (நவீன உலகச் சிறுகதைகள்),-,சி. மோகன்,-,தமிழ்,224,தடாகம் வெளியீடு,2016,"சிறுகதை,மொழிபெயர்ப்பு",பிற,180,-,Paperback
Translation,19.எனக்கு வீடு நண்பர்களுக்கு அறை,-,-,-,தமிழ்,11,நற்றிணை பதிப்பகம்,2016,கவிதை,பிற,90,9789382648017,Paperback
Translation,20.சி. மோகன் கட்டுரைகள்,-,-,-,தமிழ்,480,நற்றிணை பதிப்பகம்,2013,கட்டுரை,பிற,540,9788192366845,Hardcover
Translation,21.விந்தைக் கலைஞனின் உருவச் சித்திரம்,-,-,-,தமிழ்,128,சந்தியா பதிப்பகம்,2013,நாவல்,பிற,110,9789381343616,Paperback
Translation,22.ஆசை முகங்கள்,-,-,சி. மோகன்,தமிழ்,112,கயல் கவின்,2012,கட்டுரை,சினிமா,90,-,Paperback
Translation,23.சவாரி விளையாட்டு,-,-,சி. மோகன்,தமிழ்,272,நற்றிணை பதிப்பகம்,2012,"சிறுகதை,மொழிபெயர்ப்பு",பிற,200,9788192366869,Paperback
Translation,24.ஓநாய் குலச்சின்னம்,ஜியாங் ரோங்,சி. மோகன்,-,தமிழ்,672,அதிர்வு,2012,"நாவல், மொழிபெயர்ப்பு ",சூழலியல்,650,-,Paperback
Translation,25.காலம் கலை கலைஞன்,-,-,-,தமிழ்,168,அன்னம் - அகரம் பதிப்பகம்,2003,கட்டுரை,இலக்கியம்,80,-,Paperback
Translation,26.ஜி. நாகராஜன்,-,-,-,தமிழ்,144,சாகித்திய அகாடெமி,-,வாழ்க்கை வரலாறு,இலக்கியம்,50,9788126048236,Paperback
ஆல்பெர் காம்யூ,,-,,-,,,,,,,,,
Translation,1.அயலான்,-,சு. ஆ. வெங்கட சுப்புராய நாயகர்,-,,-,காலச்சுவடு,2024,"நாவல், மொழிபெயர்ப்பு ",-,170,9789361101342,Paperback
Translation,2.மகிழ்ச்சியான மரணம்,-,சுந்தரவேலு பன்னீர்செல்வம்,-,,-,தடாகம் வெளியீடு,2024,"நாவல், மொழிபெயர்ப்பு ",க்ளாசிக்ஸ்,200,-,Paperback
Translation,5.விருந்தாளி,-,க. நா. சு.,-,,232,வ. உ. சி. நூலகம்,2018,"நாவல், மொழிபெயர்ப்பு ",பிற,200,-,Paperback
Translation,6.அந்நியன்,-,வெ. ஸ்ரீராம்,-,,147,க்ரியா,2017,"நாவல், மொழிபெயர்ப்பு ",பிற,260,9789382394006,Paperback
Translation,7.புரட்சியாளன்,-,நாகரத்தினம் கிருஷ்ணா,-,,400,காலச்சுவடு,2016,"கட்டுரை,மொழிபெயர்ப்பு",பிற,540,9789352440689,Paperback
Translation,8.அபத்தச் சுவர்கள்,-,ஏ. வி. ஜவஹர்,-,,160,வ. உ. சி. நூலகம்,2014,"கட்டுரை,மொழிபெயர்ப்பு",மெய்யியல்,200,-,Paperback
Translation,9.The Outsider,-,Sandra Smith,-,English,128,Penguin Random House,2013,-,Classics,350,9780141198064,Paperback
Translation,10.The Fall,-,Sandra Smith,-,English,96,Penguin Random House,2013,-,-,399,9780141187945,Paperback
Translation,11.Exile and the kingdom : Stories,Carol Cosman,Sandra Smith,-,English,128,Penguin Random House,2013,-,Classics,499,9780141188256,Paperback
Translation,12.முதல் மனிதன்,-,வெ. ஸ்ரீராம்,-,,280,க்ரியா,2013,"நாவல், மொழிபெயர்ப்பு ",பிற,380,9789382394075,Paperback
Translation,13.The Plague,-,-,-,English,288,Penguin Random House,2010,"Novel,Translation",Miscellaneous,399,9780141049236,Paperback
Translation,14.மரண தண்டனை என்றொரு குற்றம்,,வி. நட்ராஜ்,-,,80,பரிசல்,2008,"நாவல், மொழிபெயர்ப்பு ",பிற,40,-,Paperback
Translation,15.Exile and the Kingdom: Stories (Penguin Modern Classics),,-,-,English,128,Penguin Random House,2006,Short Story,Miscellaneous,499,9780141188256,Paperback
Translation,16.The Myth of Sisyphus (Penguin Great Ideas),,-,-,English,144,Penguin Random House,2005,Essay,Philosophy,250,9780141023991,Paperback
Translation,17.Great ideas 39 : The myth of sisyphus,,-,-,English,144,Penguin Random House,2005,-,Religion,250,9780141023991,Paperback
Translation,18.நியாயவாதிகள்,,-,-,,80,சந்தியா பதிப்பகம்,2002,"நாவல்,நாடகம்,மொழிபெயர்ப்பு",மெய்யியல்,-,-,Paperback
Translation,19.The Rebel (Penguin Books),,,,,272,Penguin Random House,2000,-,Classics,499,9780141182018,Paperback
Translation,20.கொள்ளை நோய்,,ச. மதனகல்யாணி,,,333,ஆனந்தா பதிப்பகம்,1999,"              நாவல், மொழிபெயர்ப்பு ",மெய்யியல்,160,-,Paperback
த.நா. சேனாதிபதி,,,,,,,,,,,,,
த.நா. சேனாதிபதி,1.சாணக்கியரும் சந்திரகுப்தனும்,ஏ.எஸ்.பி. ஐயர்,த.நா. ஸேனாபதி,-,,538,பழனியப்பா பிரதர்ஸ்,2009,நாவல்,வரலாறு,270,9788183793322,
த.நா. சேனாதிபதி,2.இலட்சிய இந்து ஓட்டல்,விபூதி பூஷண் பந்தோபாத்யாய,த.நா. ஸேனாபதி,,,264,நேஷனல் புக் டிரஸ்ட்,-,"              நாவல், மொழிபெயர்ப்பு ",-,340,-,
லதா அருணாச்சலம்,,,,,,,,,,,,,
லதா அருணாச்சலம்,1.சொர்க்கத்தின் பறவைகள்,அப்துல்ரஸாக் குர்னா,லதா அருணாச்சலம்,-,,-,எதிர் வெளியீடு,2024,நாவல்,-,450,-,
லதா அருணாச்சலம்,2.ஆயிரத்தொரு கத்திகள்,-,லதா அருணாச்சலம்,-,,-,சால்ட்,2023,"சிறுகதை,மொழிபெயர்ப்பு",பிற,275,-,
லதா அருணாச்சலம்,3.ஆக்டோபஸின் பேத்தி,-,லதா அருணாச்சலம்,-,,-,நூல் வனம்,2022,"சிறுகதை,மொழிபெயர்ப்பு",பிற,280,-,
லதா அருணாச்சலம்,4.பிராப்ளம்ஸ்கி விடுதி,டிமிட்ரி வெர்ஹல்ஸ்ட்,லதா அருணாச்சலம்,-,,120,காலச்சுவடு,2021,"நாவல், மொழிபெயர்ப்பு ",பிற,180,9789355230515,
லதா அருணாச்சலம்,5.தீக்கொன்றை மலரும் பருவம்,அபூபக்கர் ஆடம் இப்ராஹிம்,லதா அருணாச்சலம்,-,,-,எழுத்து பிரசுரம் (Tamil imprint of Zero Degree Publishing),2019,"  நாவல், மொழிபெயர்ப்பு ",பிற,499,9789387707894,
லதா அருணாச்சலம்,6.உடலாடும் நதி,-,-,-,,-,எழுத்து பிரசுரம் (Tamil imprint of Zero Degree Publishing),2019,கவிதை,பிற,150,9789387707726,
ராஜம் கிருஷ்ணன்,1.வேருக்கு நீர் (மெய் நிழல்),,,,தமிழ்,262,மெய் நிழல்,2025,நாவல்,-,250,-,paperback
"                  """,2.பாதையில் பதிந்த அடிகள் (பரிசல்),,,,தமிழ்,-,பரிசல்,2025,வாழ்க்கை வரலாறு,-,250,9788119919635,paperback
"                  """,3.பாரதி செல்லம்மா,,,,தமிழ்,-,காலச்சுவடு,2024,வாழ்க்கை வரலாறு,-,690,9789361106644,paperback
"                  """,4.மலர்கள் (பரிசல்),,,,தமிழ்,-,பரிசல்,2024,நாவல்,-,475,9788119919970,paperback
"                  """,5.வேருக்கு நீர் (வளரி வெளியீடு),,,,தமிழ்,-,வளரி வெளியீடு,2024,நாவல்,-,300,-,paperback
"                  """,6.கரிப்பு மணிகள் (NCBH),,,,தமிழ்,-,நியூசெஞ்சுரி புக் ஹவுஸ்,2024,நாவல்,-,200,9788123447032,paperback
"                  """,7.கரிப்பு மணிகள் (மலர் புக்ஸ்),,,,தமிழ்,-,மலர் புக்ஸ்,2024,நாவல்,-,220,-,paperback
"                  """,8.காலந்தோறும் பெண் (மெய் நிழல்),,,,தமிழ்,-,மெய் நிழல்,2024,கட்டுரை,பெண்கள்,170,-,paperback
"                  """,9.மானுடத்தின் மகரந்தங்கள்,,,,தமிழ்,-,ஹெர் ஸ்டோரிஸ்,2023,க்ளாசிக்ஸ்,-,300,-,paperback
"                  """,10.புதியதோர் உலகு செய்வோம் (ஸ்ரீ செண்பகா பதிப்பகம்),,,,தமிழ்,182,ஸ்ரீ செண்பகா பதிப்பகம்,2023,கட்டுரை,-,180,-,paperback
"                  """,11.வேருக்கு நீர் (ஸ்ரீ செண்பகா பதிப்பகம்),,,,தமிழ்,208,ஸ்ரீ செண்பகா பதிப்பகம்,2023,நாவல்,-,210,-,paperback
"                  """,12.சேற்றில் மனிதர்கள்(ஸ்ரீ செண்பகா பதிப்பகம்),,,,தமிழ்,278,ஸ்ரீ செண்பகா பதிப்பகம்,2023,-,-,280,-,paperback
"                  """,13.வேருக்கு நீர் (பரிசல்),,,,தமிழ்,-,பரிசல்,2022,நாவல்,-,250,-,paperback
"                  ""","14.குறிஞ்சித் தேன்(ஸ்ரீ செண்பகா பதிப்பகம்)
",,,,தமிழ்,-,ஸ்ரீ செண்பகா பதிப்பகம்,2019,நாவல்,விளிம்புநிலை மக்கள்,360,-,paperback
"                  """,15.மலர்கள்,,,,தமிழ்,525,கௌரா பதிப்பகக் குழுமம்,2019,நாவல்,-,480,-,paperback
"                  """,16.புயலின் மையம்(கௌரா பதிப்பகக் குழுமம்),,,,தமிழ்,230,கௌரா பதிப்பகக் குழுமம்,2019,நாவல்,-,220,-,paperback
"                  """,17.அலைவாய்க் கரையில்,,,,தமிழ்,320,கௌரா பதிப்பகக் குழுமம்,2019,நாவல்,-,300,-,paperback
"                  """,18.பாஞ்சாலி சபதம் பாடிய பாரதி (வரலாறு),,,,தமிழ்,600,தமிழ் வளர்ச்சித் துறை,2016,-,-,400,-,paperback
"                  """,19.காலந்தோறும் பெண் (நேஷனல் புக் டிரஸ்ட்),,,,தமிழ்,154,நேஷனல் புக் டிரஸ்ட்,2016,கட்டுரை,பெண்கள்,155,9788123711522,paperback
"                  """,20.புயலின் மையம்,,,,தமிழ்,256,பிரக்ஞை,2015,நாவல்,-,200,-,paperback
"                  """,21.பாதையில் பதிந்த அடிகள்,,,,தமிழ்,250,காலச்சுவடு,2014,வாழ்க்கை வரலாறு,மார்க்சியம்,275,9789382033417,paperback
"                  """,22.காலந்தோறும் பெண்,,,,தமிழ்,168,காலச்சுவடு,2014,கட்டுரை,பெண்கள்,190,9789382033899,paperback
"                  """,23.கூட்டுக் குஞ்சுகள்,,,,தமிழ்,262,நியூசெஞ்சுரி புக் ஹவுஸ்,2011,நாவல்,-,130,9788123419954,paperback
"                  """,24.பெண்குரல்,,,,தமிழ்,320,நியூசெஞ்சுரி புக் ஹவுஸ்,2011,நாவல்,-,160,9788123419435,paperback
"                  """,25.இந்திய சமுதாய வரலாற்றில் பெண்மை (உலக தமிழ் ஆராய்ச்சி),,,,தமிழ்,-,தமிழ் வளர்ச்சித் துறை,-,வரலாறு,பெண்கள்,130,-,paperback
"                  """,26.வேருக்கு நீர் (த வ து),,,,தமிழ்,216,தமிழ் வளர்ச்சித் துறை,-,நாவல்,-,110,-,paperback
"                  """,27.குறிஞ்சித்தேன் (கௌரா பதிப்பகக் குழுமம்),,,,தமிழ்,352,கௌரா பதிப்பகக் குழுமம்,-,நாவல்,-,300,-,paperback
"                  """,28.பாஞ்சாலி சபதம் பாடிய பாரதி,,,,தமிழ்,584,கௌரா பதிப்பகக் குழுமம்,-,நாவல்,-,400,-,paperback
"                  """,29.கூடுகள்,,,,தமிழ்,280,கௌரா பதிப்பகக் குழுமம்,-,நாவல்,-,280,-,paperback
"                  """,30.வனதேவியின் மைந்தர்கள் (கௌரா பதிப்பகக் குழுமம்),,,,தமிழ்,224,கௌரா பதிப்பகக் குழுமம்,-,நாவல்,-,110,-,paperback
"                  """,31.கோடுகளும் கோலங்களும்(கௌரா பதிப்பகக் குழுமம்),,,,தமிழ்,200,கௌரா பதிப்பகக் குழுமம்,-,நாவல்,-,100,-,paperback
"                  """,32.கரிப்பு மணிகள்(கௌரா பதிப்பகக் குழுமம்),,,,தமிழ்,208,கௌரா பதிப்பகக் குழுமம்,-,நாவல்,-,100,-,paperback
"                  """,33.வேருக்கு நீர்(கௌரா பதிப்பகக் குழுமம்),,,,தமிழ்,216,கௌரா பதிப்பகக் குழுமம்,-,நாவல்,-,200,-,paperback
"                  """,34.காலந்தோறும் பெண்(கௌரா பதிப்பகக் குழுமம்),,,,தமிழ்,144,கௌரா பதிப்பகக் குழுமம்,-,நாவல்,-,80,-,paperback
"                  """,35.இந்திய சமுதாய வரலாற்றில் பெண்மை (கௌரா பதிப்பகக் குழுமம்),,,,தமிழ்,144,கௌரா பதிப்பகக் குழுமம்,-,நாவல்,-,80,-,paperback
"                  """,36.புதியதோர் உலகு செய்வோம் (கௌரா பதிப்பகக் குழுமம்),,,,தமிழ்,160,கௌரா பதிப்பகக் குழுமம்,-,நாவல்,-,70,-,paperback
"                  """,37.பெண் விடுதலை(கௌரா பதிப்பகக் குழுமம்),,,,தமிழ்,208,கௌரா பதிப்பகக் குழுமம்,-,நாவல்,-,90,-,paperback
"                  """,38.உயிர் விளையும் நிலங்கள்,,,,தமிழ்,176,கௌரா பதிப்பகக் குழுமம்,-,நாவல்,-,90,-,paperback
"                  """,39.ராஜம் கிருஷ்ணனின் சிறுகதைகள்,,,,தமிழ்,600,கௌரா பதிப்பகக் குழுமம்,-,நாவல்,-,600,-,paperback
"                  """,40.காந்தி தரிசனம்,,,,தமிழ்,96,கௌரா பதிப்பகக் குழுமம்,-,நாவல்,-,90,-,paperback
"                  """,41.உத்தர காண்டம்,,,,தமிழ்,272,கௌரா பதிப்பகக் குழுமம்,-,நாவல்,-,260,-,paperback
"                  """,42.பாரத குமாரிகள்,,,,தமிழ்,160,கௌரா பதிப்பகக் குழுமம்,-,நாவல்,-,150,-,paperback
"                  """,43.புதியகீதம் இசைக்கின்றனர்,,,,தமிழ்,112,கௌரா பதிப்பகக் குழுமம்,-,நாவல்,-,100,-,paperback
"                  """,44.அன்னையர் பூமி,,,,தமிழ்,344,கௌரா பதிப்பகக் குழுமம்,-,நாவல்,-,340,-,paperback
"                  ""","45.பானுவின் காதலன், சலனங்கள்",,,,தமிழ்,268,கௌரா பதிப்பகக் குழுமம்,-,நாவல்,-,260,-,paperback
"                  """,46.மாயச் சூழல்,,,,தமிழ்,322,கௌரா பதிப்பகக் குழுமம்,-,நாவல்,-,300,9789389021226,paperback
"                  """,47.பாதையில் பதிந்த அடிகள்(கௌரா பதிப்பகக் குழுமம்),,,,தமிழ்,240,கௌரா பதிப்பகக் குழுமம்,-,நாவல்,-,200,-,paperback
"                  """,48.இந்திய விடுதலைப்போரில் பெண்கள்,,,,தமிழ்,82,நேஷனல் புக் டிரஸ்ட்,-,நாவல்,-,10,-,paperback
"                  """,49.குறிஞ்சித் தேன்(பாரி நிலையம்),,,,தமிழ்,-,பாரி நிலையம்,-,நாவல்,-,170,-,paperback
"                  """,50.கோடுகளும் கோலங்களும்,,,,தமிழ்,-,பாரி நிலையம்,-,நாவல்,-,85,-,paperback
"                  """,51.வனதேவியின் மைந்தர்கள்,,,,தமிழ்,-,பாரி நிலையம்,-,நாவல்,-,80,-,paperback
"                  """,52.இராஜம் கிருஷ்ணன் அவர்களின் பெண்ணிய சிந்தனைகள் (தொகுதி 2),,,,தமிழ்,488,தமிழ்க் குடிஅரசுப் பதிப்பகம்,-,-,பெண்கள்,250,-,paperback
"                  """,53.இராஜம் கிருஷ்ணன் அவர்களின் பெண்ணிய சிந்தனைகள் (தொகுதி 1),,,,தமிழ்,488,தமிழ்க் குடிஅரசுப் பதிப்பகம்,-,-,பெண்கள்,250,-,paperback
"                  """,54.பெண் விடுதலை,,,,தமிழ்,224,தமிழ்க் குடிஅரசுப் பதிப்பகம்,-,-,பெண்கள்,110,-,paperback
"                  """,55.சேற்றில் மனிதர்கள்,,,,தமிழ்,304,தமிழ்க் குடிஅரசுப் பதிப்பகம்,-,கட்டுரை,வேளாண்மை,150,-,paperback
"                  """,56.குறிஞ்சித் தேன்,,,,தமிழ்,368,தமிழ்க் குடிஅரசுப் பதிப்பகம்,-,நாவல்,-,175,-,paperback
"                  """,57.இந்திய சமுதாய வரலாற்றில் பெண்மை,,,,தமிழ்,-,தமிழ்ப் புத்தகாலயம் - தாகம்,-,கட்டுரை,-,70,-,paperback
"                  """,58.குறிஞ்சித்தேன்,,,,தமிழ்,-,அமராவதி,-,-,-,175,-,paperback
"                  """,59.வேருக்கு நீர்,,,,தமிழ்,-,அமராவதி,-,நாவல்,-,390,-,paperback
Translator,60.பீகார் மாநில நாட்டுக் கதைகள்,பி.ஸி.ராய் சௌத்ரி,ராஜம் கிரஷ்ணன்,,தமிழ்,188,சாகித்திய அகாடெமி,1994,"சிறுகதை, மொழிபெயர்ப்பு",நாட்டாரியல்,65,8172016441,paperback
சரண்குமார் லிம்பாலே,1.கும்பல்,,ம. மதிவண்ணன்,,தமிழ்,-,கருப்புப் பிரதிகள்,2024,நாவல்,-,500,9789395256568,paperback
"                            """,2.ஓலம்,,ம. மதிவண்ணன்,,தமிழ்,-,கருப்புப் பிரதிகள்,2021,நாவல்,தலித்தியம்,240,-,paperback
"                            """,3.தலித் பார்ப்பனன்,,ம. மதிவண்ணன்,,தமிழ்,118,கருப்புப் பிரதிகள்,2016,சிறுகதை,"சமூக நீதி,தலித்தியம்",120,-,paperback
"                            """,4.அனார்யா: நாதியற்றவன்,,எஸ். பாலச்சந்திரன்,,தமிழ்,181,நியூசெஞ்சுரி புக் ஹவுஸ்,2012,"மொழிபெயர்ப்பு,தன்வரலாறு",தலித்தியம்,130,9788123420653,paperback
"                            """,5.தலித் இலக்கியம் : விடுதலையின் திசைகள்,,அன்புசெல்வம்,,தமிழ்,216,விடியல்,-,கட்டுரை,தலித்தியம்,100,-,paperback
ம. மதிவண்ணன்,1.சக்கிலியர் வரலாறு,,,,தமிழ்,-,கருப்புப் பிரதிகள்,2023,"கட்டுரை,வரலாறு",விளிம்புநிலை மக்கள்,370,9789395256124,paperback
"""",2.நெரிந்து,,,,தமிழ்,-,கருப்புப் பிரதிகள்,2023,கவிதை,-,80,-,paperback
"""",3.நவகண்டம்,,,,தமிழ்,-,கருப்புப் பிரதிகள்,2021,கவிதை,-,60,-,paperback
"""",4.அண்ணல் அம்பேத்கர்: அவதூறுகளும் உண்மைகளும்,,,,தமிழ்,344,கருப்புப் பிரதிகள்,2018,கட்டுரை,தலித்தியம்,300,-,paperback
"""",5.உள்ஒதுக்கீடு: சில பார்வைகள்,,,,தமிழ்,87,கருப்புப் பிரதிகள்,2016,கட்டுரை,"சமூக நீதி,தலித்தியம்",80,-,paperback
"""",6.ஏதிலியைத் தொடர்ந்து வரும் நிலா,,,,தமிழ்,64,கருப்புப் பிரதிகள்,2013,கவிதை,-,40,-,paperback
"""",7.மெல்ல முகிழ்க்கும் உரையாடல்,,,,தமிழ்,95,கருப்புப் பிரதிகள்,2013,கட்டுரை,இலக்கியம்,70,-,paperback
"""",8.உள்ஒதுக்கீடு: தொடரும் விவாதம்,,,,தமிழ்,80,கருப்புப் பிரதிகள்,2012,கட்டுரை,"சமூக நீதி,தலித்தியம்",50,-,paperback
"""",9.அருந்ததியர்களாகிய நாங்கள்,,,,தமிழ்,40,கருப்புப் பிரதிகள்,2008,கட்டுரை,"சமூக நீதி,தலித்தியம்",25,-,paperback
"""",10.நமக்கிடையிலான தொலைவு,,,,தமிழ்,64,கருப்புப் பிரதிகள்,2005,கவிதை,-,40,-,paperback
"""",11.வெளிச்சங்களை புதைத்த குழிகள்,,,,தமிழ்,71,கருப்புப் பிரதிகள்,2005,கட்டுரை,"இலக்கியம்,தலித்தியம்",35,-,paperback
Translator,12.ராவ் சாகிப் எல்.சி. குருசாமி (சட்டமேலவை உரைகள்),ராவ் சாகிப் எல்.சி. குருசாமி,மதிவண்ணன்,,தமிழ்,104,கருப்புப் பிரதிகள்,2013,"மொழிபெயர்ப்பு,உரை",தலித்தியம்,120,-,paperback
பிரேம்சந்த்,1.Karambhoomi,,,,Hindi,376,Fingerprint Publishing,2019,Novel,-,199,9789389053838,paperback
"""",2.Godan,,,,English,288,Jaico Publishing House,1991,Novel,-,299,9788172242190,paperback
"""",3.The Complete Short Stories : Volume - 4,,,,English,800,Penguin Random House,-,Short Story,Classics,799,9780143442653,paperback
"""",4.பிரேம்சந்த் கதைகள்,,ச. வீரமணி,,தமிழ்,64,பாரதி புத்தகாலயம்,2015,சிறுகதை,-,40,-,paperback
"""",5.கோதானம்,,சரஸ்வதி ராம்நாத்,,தமிழ்,528,அன்னம் - அகரம் பதிப்பகம்,2009,"நாவல்,மொழிபெயர்ப்பு",-,400,-,paperback
"""",6.பிரேம்சந்த் கதைகள்,,,,தமிழ்,216,தமிழ்ப் புத்தகாலயம் - தாகம்,2003,சிறுகதை,-,60,-,paperback
"""",7.ஒரு நாயின் கதை,,,,தமிழ்,48,பாரதி புத்தகாலயம்,-,சிறுவர் கதை,-,45,-,paperback
மதியழகன் சுப்பையா,1.நான் வீட்டுக்கு போக வேண்டும்,,,,தமிழ்,156,அந்திமழை,-,"சிறுகதை,மொழிபெயர்ப்பு",-,120,9788192460925,paperback
அம்ரிதா பிரிதம்,1.ராதையுமில்லை ருக்மினியுமில்லை,,சரஸ்வதி ராம்நாத்,,தமிழ்,117,நேஷனல் புக் டிரஸ்ட்,-,"நாவல்,மொழிபெயர்ப்பு",-,40,9788123713439,paperback
"AMRITA PRITAM,IMROZ",2.In The Time of Love & Longings,"AMRITA PRITAM,IMROZ",,,English,208,Penguin Random House,2019,-,-,250,9789353490225,paperback
அசதா,1.அகதி (மொழிபெயர்ப்பு கட்டுரைகள்),,,,தமிழ்,160,நூல் வனம்,2024,"கட்டுரை,மொழிபெயர்ப்பு",-,220,9788197698880,paperback
Translator,2.மந்திரவாதியின் சீடன்,இவால்ட் ஃப்ளிஸர்,அசதா,,தமிழ்,288,காலச்சுவடு,2021,"நாவல்,மொழிபெயர்ப்பு",-,390,9789355230270,paperback
Translator,3.நிலத்தின் விளிம்புக்கு,டேவிட் கிராஸ்மன்,அசதா,,தமிழ்,744,காலச்சுவடு,2017,"நாவல்,மொழிபெயர்ப்பு",-,750,9789352441037,paperback
Translator,5.நீல நாயின் கண்கள்,,அசதா,,தமிழ்,-,நாதன் பதிப்பகம்,-,"சிறுகதை,மொழிபெயர்ப்பு",-,160,-,paperback
அவை நாயகன்:Translator,,,,,,,,,,,,,
அவை நாயகன்:Translator,1.இந்தியா அழைக்கிறது,Anand Giridharadas,அவை நாயகன்,,தமிழ்,360,அருட்செல்வர் நா. மகாலிங்கம் மொழிபெயர்ப்பு மையம் வெளியீடு,2019,நாவல்,-,300,-,paperback
அவை நாயகன்:Translator,2.கூண்டுப் பறவை ஏன் பாடுகிறது?,மாயா ஏஞ்சலோ,,,தமிழ்,336,எதிர் வெளியீடு,2014,"மொழிபெயர்ப்பு,தன்வரலாறு",இலக்கியம்,300,9789384646073,paperback
Translator,1.மூன்று காதல் கதைகள் (பரிசல்),இவான் துர்கனேவ்,பூ. சோமசுந்தரம்,,தமிழ்,-,பரிசல்,2025,"நாவல்,மொழிபெயர்ப்பு",-,350,9789348942838,paperback
Translator,2.முதல் ஆசிரியர் (திராவிடன் ஸ்டாக்),சிங்கிஸ் ஐத்மாத்தவ்,பூ. சோமசுந்தரம்,,தமிழ்,-,திராவிடன் ஸ்டாக்,2024,"நாவல்,மொழிபெயர்ப்பு",-,110,-,paperback
Translator,3.அதிகாலையின் அமைதியில் (கதவு பதிப்பகம்),பரீஸ் வஸீலியெவ்,பூ. சோமசுந்தரம்,,தமிழ்,186,கதவு பதிப்பகம்,2024,"நாவல்,மொழிபெயர்ப்பு",-,160,9788196907891,paperback
Translator,4.தத்துவம்: தொடக்கப் பயிற்சி நூல்,,பூ. சோமசுந்தரம்,,தமிழ்,-,சிந்தன் புக்ஸ்,2024,"கட்டுரை,மொழிபெயர்ப்பு",மெய்யியல்,500,-,paperback
Translator,5.மனிதனின் மறுபிறப்பு (சிந்தன் புக்ஸ்),புருனோ பஸேன்ஸ்க்கிப்,பூ. சோமசுந்தரம்,,தமிழ்,464,சிந்தன் புக்ஸ்,2024,"நாவல்,மொழிபெயர்ப்பு",-,550,-,paperback
Translator,6.தந்தையரும் தனயர்களும்,இவான் துர்கனேவ்,பூ. சோமசுந்தரம்,,தமிழ்,-,நூல் வனம்,2024,"நாவல்,மொழிபெயர்ப்பு",-,550,9788194762317,paperback
Translator,7.ஜமீலா (நூல் வனம்),சிங்கிஸ் ஐத்மாத்தவ்,பூ. சோமசுந்தரம்,,தமிழ்,104,நூல் வனம்,2023,"நாவல்,மொழிபெயர்ப்பு",-,180,9788194588627,Hardcover
Translator,8.போர் இல்லாத இருபது நாட்கள்,கான்ஸ்தான்தீன் ஸிமனவ்,பூ. சோமசுந்தரம்,,தமிழ்,284,சிந்தன் புக்ஸ்,2023,"நாவல்,மொழிபெயர்ப்பு",-,300,-,paperback
Translator,9.ஜமீலா (NCBH),சிங்கிஸ் ஐத்மாத்தவ்,பூ. சோமசுந்தரம்,,தமிழ்,-,நியூசெஞ்சுரி புக் ஹவுஸ்,2023,"நாவல்,மொழிபெயர்ப்பு",-,80,-,paperback
Translator,10.கேப்டன் மகள் (ஸ்ரீ செண்பகா பதிப்பகம்),அலெக்சாந்தர் புஷ்கின்,பூ. சோமசுந்தரம்,,தமிழ்,224,ஸ்ரீ செண்பகா பதிப்பகம்,2023,நாவல்,-,220,-,paperback
Translator,11.முறியடிப்பு (ஸ்ரீ செண்பகா பதிப்பகம்),அலெக்சாந்தர் ஃபதேயெவ்,பூ. சோமசுந்தரம்,,தமிழ்,320,ஸ்ரீ செண்பகா பதிப்பகம்,2023,நாவல்,-,320,-,paperback
Translator,12.அதிகாலையின் அமைதியில் (ஸ்ரீ செண்பகா பதிப்பகம்),,பூ. சோமசுந்தரம்,,தமிழ்,200,ஸ்ரீ செண்பகா பதிப்பகம்,2023,நாவல்,-,200,-,paperback
Translator,13.அன்னை வயல் (Dravidian Stock),சிங்கிஸ் ஐத்மாத்தவ்,பூ. சோமசுந்தரம்,,தமிழ்,-,திராவிடன் ஸ்டாக்,2022,"நாவல்,மொழிபெயர்ப்பு",-,160,-,paperback
Translator,14.மேல் கோட்டு,,பூ. சோமசுந்தரம்,,தமிழ்,-,மலர் புக்ஸ்,2022,"சிறுகதை,மொழிபெயர்ப்பு",-,380,-,paperback
Translator,15.இயற்கை விஞ்ஞானியின் கதைகள்,,பூ. சோமசுந்தரம்,,தமிழ்,-,மலர் புக்ஸ்,2022,"சிறுவர் கதை, மொழிபெயர்ப்பு",-,200,9789391947149,paperback
Translator,16.நாய் சடைச்சியும் சிறுவன் போரியாவும்,"ம. பரானவா ,யெ. வெல்தீஸ்தவ்",பூ. சோமசுந்தரம்,,தமிழ்,232,பாரதி புத்தகாலயம்,2022,அறிவியல் புனைவு,-,320,-,paperback
Translator,17.மூன்று காதல் கதைகள் (வளரி வெளியீடு),இவான் துர்கனேவ்,பூ. சோமசுந்தரம்,,தமிழ்,-,வளரி வெளியீடு,2020,காதல்,-,400,-,paperback
Translator,18.சோவியத் இனமொழிச் சிறுகதைகள் (வளரி),,பூ. சோமசுந்தரம்,,தமிழ்,-,வளரி வெளியீடு,2019,"சிறுகதை,மொழிபெயர்ப்பு",-,210,-,paperback
Translator,19.இயற்கை விஞ்ஞானியின் கதைகள் (நீலவால் குருவி),,பூ. சோமசுந்தரம்,,தமிழ்,-,நீலவால் குருவி,2019,சிறுவர் கதை,அறிவியல் / தொழில்நுட்பம்,,-,paperback
Translator,20.லெனின்: வாழ்க்கைக் கதை,மரியா பிரிலெழாயெவா,பூ. சோமசுந்தரம்,,தமிழ்,-,புலம் வெளியீடு,2019,"மொழிபெயர்ப்பு,வாழ்க்கை வரலாறு",மார்க்சியம்,300,-,paperback
Translator,21.தங்கமான எங்கள் ஊர்,முஸ்தாய் கரீம்,பூ. சோமசுந்தரம்,,தமிழ்,-,ஆதி பதிப்பகம்,2018,"சிறுவர் கதை, மொழிபெயர்ப்பு",-,150,-,paperback
Translator,22.எனது நீலப் புவிக்கோளம்,ஹெர்மன் தித்தோவ்,பூ. சோமசுந்தரம்,,தமிழ்,-,பாரதி புத்தகாலயம்,2018,"கட்டுரை,மொழிபெயர்ப்பு",அறிவியல் / தொழில்நுட்பம்,160,-,paperback
Translator,23.லெனின் வாழ்க்கைக் கதை (நக்கீரன் பிரசுரம்),மரியா பிரிலெழாயெவா,பூ. சோமசுந்தரம்,,தமிழ்,-,நக்கீரன் பப்ளிகேஷன்ஸ்,2017,"மொழிபெயர்ப்பு,வாழ்க்கை வரலாறு",மார்க்சியம்,175,-,paperback
Translator,24.மனித இனங்கள் (நக்கீரன் பிரசுரம்),மிஹயீல் நெஸ்தூர்ஹ்,பூ. சோமசுந்தரம்,,தமிழ்,-,நக்கீரன் பப்ளிகேஷன்ஸ்,2017,"கட்டுரை,மொழிபெயர்ப்பு",மானுடவியல்,110,-,paperback
Translator,25.முதல் ஆசிரியர்,சிங்கிஸ் ஐத்மாத்தவ்,பூ. சோமசுந்தரம்,,தமிழ்,80,பாரதி புத்தகாலயம்,2016,நாவல்,"மெய்யியல்,இலக்கியப் பேருரை,கல்வி",80,9788189909307,paperback
Translator,26.ஜமீலா (அன்னம் பதிப்பகம்),சிங்கிஸ் ஐத்மாத்தவ்,பூ. சோமசுந்தரம்,,தமிழ்,88,அன்னம் - அகரம் பதிப்பகம்,2015,"நாவல்,மொழிபெயர்ப்பு",-,75,-,paperback
Translator,27.சோவியத் இனமொழிச் சிறுகதைகள்,,பூ. சோமசுந்தரம்,,தமிழ்,224,நல்ல நிலம் பதிப்பகம்,2014,"நாவல்,மொழிபெயர்ப்பு",-,160,-,paperback
Translator,28.லெனினின் வாழ்க்கைக் கதை,மரியா பிரிலெழாயெவா,பூ. சோமசுந்தரம்,,தமிழ்,336,நியூசெஞ்சுரி புக் ஹவுஸ்,2012,-,-,180,9788123420394,paperback
Translator,29.ஜமீலா (பாரதி புத்தகாலயம்),சிங்கிஸ் ஐத்மாத்தவ்,பூ. சோமசுந்தரம்,,தமிழ்,79,பாரதி புத்தகாலயம்,2009,"நாவல்,மொழிபெயர்ப்பு",-,70,9789384421151,paperback
Translator,30.மிகயீல் ஷோலகவ் கதைகள்,,பூ. சோமசுந்தரம்,,தமிழ்,160,வ. உ. சி. நூலகம்,2008,சிறுகதை,-,100,-,paperback
Translator,31.சைபீரியா ஓட்டம் - காத்தியா,கியோர்கி மார்க்கவ்,பூ. சோமசுந்தரம்,,தமிழ்,352,விடியல்,2007,"நாவல்,மொழிபெயர்ப்பு",மார்க்சியம்,150,-,paperback
Translator,32.லெனினுக்கு மரணமில்லை,மரியா பிரிலெழாயெவா,பூ. சோமசுந்தரம்,,தமிழ்,287,அலைகள் வெளியீட்டகம்,2003,"நாவல்,மொழிபெயர்ப்பு",மார்க்சியம்,250,-,paperback
Translator,33.அந்தோன் செகாவ்: சிறுகதைகளும் குறுநாவல்களும்,அன்டோன் செகாவ்,"பூ. சோமசுந்தரம்,ரா. கிருஷ்ணய்யா ,ச. சுப்பாராவ்",,தமிழ்,-,பாரதி புத்தகாலயம்,-,"சிறுகதை,மொழிபெயர்ப்பு",-,310,-,paperback
Translator,34.நேரில் கண்ட ருஷ்யப் புரட்சி,ஆ. ரைஸ் வில்லியம்ஸ்,பூ. சோமசுந்தரம்,,தமிழ்,364,அலைகள் வெளியீட்டகம்,-,"நாட்குறிப்பு / நினைவுக்குறிப்பு,மொழிபெயர்ப்பு",மார்க்சியம்,140,-,paperback