           Author,                              Title,Orginal Author,Translator ,Editor ,Editor/Orginal Author ,   Language,    No of pages ,             Publisher,Year of Published,              Category ,Subject,    Price,            ISBN,Book format
,18.Poonachi: Lost in the Forest,,,,,English ,24,Red Panda,2020," Children Story, Translation",Miscellaneous,249,9789389648317,paperback 
,21.ஆலவாயன் - அர்த்தநாரி,,,,,தமிழ்,-,காலச்சுவடு,2019,நாவல்,-,225,9789388631099,paperback 
,22.நிழல்முற்றத்து நினைவுகள்,,,,,தமிழ்,-,காலச்சுவடு,2018,கட்டுரை,-,220,-,paperback 
,23.நிலமும் நிழலும்,,,,,தமிழ்,189,காலச்சுவடு,2018,கட்டுரை,-,225,-,paperback 
,24.வேப்பெண்ணெய்க் கலயம்,,,,,தமிழ்,-,காலச்சுவடு,2025,சிறுகதை,-,320,9789381969182,paperback 
,25.Pyre,,,,,English ,216,Penguin Random House,2017,Love,-,250,9780143429012,paperback 
,26.Current Show,,,,,English ,200,Penguin Random House,2017,Novel,-,299,9780143428350,paperback 
,27.துயரமும் துயர நிமித்தமும்,,,,,தமிழ்,152,காலச்சுவடு,2016,கட்டுரை,இலக்கியம்,190,9788187477839,paperback 
,28.பதிப்புகள் மறுபதிப்புகள்,,,,,தமிழ்,168,காலச்சுவடு,2016,கட்டுரை,-,195,9789380240442,paperback 
,29.மாதொருபாகன்,,,,,தமிழ்,190,காலச்சுவடு,2016,நாவல்,-,240,9789380240367,paperback 
,30.கோழையின் பாடல்கள்,,,,,தமிழ்,232,காலச்சுவடு,2016,கவிதை,-,225,9789352440542,paperback 
,31.மயானத்தில் நிற்கும் மரம்,,,,,தமிழ்,256,காலச்சுவடு,2016,கவிதை,-,225,9789352440627,paperback 
,32.பெருமாள்முருகன் சிறுகதைகள்,,,,,தமிழ்,720,காலச்சுவடு,2016,சிறுகதை,-,900,9789352440771,paperback 
,33.பூனாச்சி அல்லது ஒரு வெள்ளாட்டின் கதை,,,,,தமிழ்,144,காலச்சுவடு,2016,நாவல்,-,200,9789352440856,paperback 
,"34.மாதொருபாகன், அர்த்தநாரி, ஆலவாயன்",,,,,தமிழ்,544,காலச்சுவடு,2016,நாவல்,-,260,9789352440634,paperback 
,35.சாதியும் நானும்,,,,,தமிழ்,264,காலச்சுவடு,2015,கட்டுரை,இலக்கியம்,330,9789381969878,paperback 
,36.One part woman,,,Aniruddhan Vasudevan,,English ,256,Penguin Random House,2014,-,-,299,9780143423546,paperback 
,37.சகாயம் செய்த சகாயம்,,,,,தமிழ்,104,மலைகள்,2014,கட்டுரை,-,90,-,paperback 
,38.கங்கணம்,,,,,தமிழ்,352,காலச்சுவடு,2014,நாவல்,-,430,9789382033691,paperback 
,39.பூக்குழி,,,,,தமிழ்,160,காலச்சுவடு,2014,நாவல்,-,200,9789382033172,paperback 
,40.அர்த்தநாரி,,,,,தமிழ்,192,காலச்சுவடு,2014,நாவல்,-,200,9789382033875,paperback 
,41.ஆலவாயன்,,,,,தமிழ்,192,காலச்சுவடு,2014,நாவல்,-,240,9789382033882,paperback 
,42.திருச்செங்கோடு,,,,,தமிழ்,144,நற்றிணை பதிப்பகம்,2013,சிறுகதை,-,125,9789382648697,paperback 
,43.ஆளண்டாப் பட்சி,,,,,தமிழ்,248,காலச்சுவடு,2012,நாவல்,-,300,9789381969557,paperback 
,44.நிழல்முற்றத்து நினைவுகள்,,,,,தமிழ்,192,கயல் கவின்,2012,தன்வரலாறு,சினிமா,130,-,paperback 
,45.வான்குருவியின் கூடு,,,,,தமிழ்,112,நற்றிணை பதிப்பகம்,2012,கட்டுரை,-,120,9788192366876,paperback 
,46.ஏறுவெயில்,,,,,தமிழ்,224,காலச்சுவடு,2008,நாவல்,விளிம்புநிலை மக்கள்,280,9788189945411,paperback 
,47.பீக்கதைகள்,,,,,தமிழ்,136,அடையாளம் பதிப்பகம்,2006,சிறுகதை,-,60,-,paperback 
,48.நிழல்முற்றம்,,,,,தமிழ்,136,காலச்சுவடு,2005,நாவல்,-,190,9788189359126,paperback 
,49.பிரம்மாண்டமும் ஒச்சமும்,,,,,தமிழ்,80,காலச்சுவடு,2004,கட்டுரை,இலக்கியம்,40,8187477970,paperback 
,50.கூளமாதாரி,,,,,தமிழ்,296,காலச்சுவடு,2000,நாவல்,தலித்தியம்,375,9788189945268,paperback 
,51.வெள்ளி சனி புதன் ஞாயிறு வியாழன் செவ்வாய்,,,,,தமிழ்,-,காலச்சுவடு,-,கவிதை,-,75,-,paperback 
,52.குதிரை முட்டை,,,,,தமிழ்,-,காலச்சுவடு,-,"கட்டுரை, நாடகம், நேர்காணல்",-,175,-,paperback 
"தொகுப்பு:
பெருமாள் முருகன்",53.கொங்குச் சிறுகதைகள்,,,,,தமிழ்,-,காவ்யா பதிப்பகம்,-,சிறுகதை,-,200,-,paperback 
,54.தீட்டுத் துணி,அறிஞர் அண்ணா,,,,தமிழ்,160,காலச்சுவடு,2008,சிறுகதை,-,200,9788189945596,paperback 
,55.உ. வே. சா: பன்முக ஆளுமையின் பேருருவம்,,,,,தமிழ்,216,காலச்சுவடு,2016,கட்டுரை,இலக்கியம்,275,9788189359904,paperback 
,56.கருவளையும் கையும்: கு.ப.ரா. கவிதைகள்,கு. ப. ரா.,,,,தமிழ்,-,காலச்சுவடு,2022,கவிதை,-,130,-,paperback 
,,,,,,,,,,,,,,
காலபைரவன்,1.பைசாத்தின் எஞ்சிய சொற்கள்,-,-,-,,தமிழ்,-,எதிர் வெளியீடு,2022,சிறுகதை,-,150,,paperback 
"""",2. கடக்க முடியாத இரவு,-,-,-,,தமிழ்,-,எதிர் வெளியீடு,2020,சிறுகதை,-,200,9789387333840,paperback 
"""",3.புலிப்பானி ஜோதிடர்,-,-,-,,தமிழ்,144,எதிர் வெளியீடு,2019,நாவல்,-,150,9789387333468,paperback 
"""",4.அதிதி,-,-,-,,தமிழ்,-,பிரக்ஞை,2018, சிறுகதை,-,150,-,paperback 
"""",5.சூலப்பிடாரி,-,-,-,,தமிழ்,144,காலச்சுவடு,2016,சிறுகதை,-,150,9789352440344,paperback 
"""",6.பைசாசத்தின் எஞ்சிய சொற்கள்,-,-,-,,தமிழ்,144,சந்தியா பதிப்பகம்,2011,சிறுகதை,-,80,9789381319826,paperback 
,,,,,,,,,,,,,,
ஜனநேசன்,1.உருமாற்றம்,-,-,-,,தமிழ்,-,நன்னூல் பதிப்பகம்,2024,சிறுகதை,-,200,9789394414624,paperback 
"""",2.சொல்லப்படாத கதைகள்,-,-,-,,தமிழ்,96,பாரதி புத்தகாலயம்,2023,சிறுகதை,-,110,-,paperback 
"""",3.ஏலோ…லம்,-,-,-,,தமிழ்,-,பாரதி புத்தகாலயம்,2022,நாவல்,-,360,-,paperback 
"""",4.காத்திருப்பு,-,-,-,,தமிழ்,-,அன்னம் - அகரம் பதிப்பகம்,2022,,-,150,-,paperback 
"""",5.காரணம் அறிகிலார்,-,-,-,,தமிழ்,-,பாரதி புத்தகாலயம்,2020,சிறுகதை,-,135,-,paperback 
"""",6.கண்களை விற்று,-,-,-,,தமிழ்,128,சந்தியா பதிப்பகம்,2014,  சிறுகதை,-,90,9789381343838, paperback 
"""",7.கந்தர்வன்,-,-,-,,தமிழ்,112,சாகித்திய அகாடெமி,-,வாழ்க்கை வரலாறு,-,50,9788126048311,paperback 
"""",8.கே. முத்தையாவின் வாழ்வும் பணியும்,-,-,-,,தமிழ்,48,பாரதி புத்தகாலயம்,-,வாழ்க்கை வரலாறு,-,20,9788189909871,paperback 
"""",9.புத்திக் கொள்முதல்,-,-,-,,தமிழ்,-,பாரதி புத்தகாலயம்,-,சிறுகதை,-,90,-,paperback 
"""",10.மனப்பிசைவு,-,-,-,,தமிழ்,-,நன்னூல் பதிப்பகம்,-,சிறுகதை,-,225,9789394414563,paperback 
"""",11.மின்னுவதெல்லாம்,-,-,-,,தமிழ்,-,நன்னூல் பதிப்பகம்,-,நாவல்,-,150,9789394414532,paperback 
,,,,,,,,,,,,,,
குமாரநந்தன்,1.மகா மாயா,-,-,-,,தமிழ்,-,காலச்சுவடு,2023,சிறுகதை,-,340,-,paperback 
"""",2.நகரப் பாடகன்,-,-,-,,தமிழ்,-,காலச்சுவடு,2018,சிறுகதை,-,225,-,paperback 
"""",3.பூமியெங்கும் பூரணியின் நிழல்,-,-,-,,தமிழ்,144,காலச்சுவடு,2014,சிறுகதை,-,125,9789382033400,paperback 
,,,,,,,,,,,,,,
ஆதவன் தீட்சண்யா,1.ஆதவன் தீட்சண்யா கவிதைகள்,-,-,-,,தமிழ்,-,சந்தியா பதிப்பகம்,2024,கவிதை,-,155,-,paperback 
"""",2.அலைமிகு கணங்கள்,-,-,-,,தமிழ்,-,நீலம் பதிப்பகம்,2023,"கட்டுரை,நேர்காணல்",-,180,-,paperback 
"""",3.லிபரல் பாளையத்து கதைகள்,-,-,-,,தமிழ்,-,நீலம் பதிப்பகம்,2023,சிறுகதை,தலித்தியம்,200,-,paperback 
"""",4.கடுங்காலத்தின் கதைகள்,-,-,-,,தமிழ்,-,கருப்புப் பிரதிகள்,2021,சிறுகதை,-,100,-,paperback 
"""",5.ஓசூர் எனப்படுவது யாதெனின்,-,-,-,,தமிழ்,-,சந்தியா பதிப்பகம்,2020,கட்டுரை,தமிழ்நாடு,110,-,paperback 
"""",6.எஞ்சிய சொல்,-,-,-,,தமிழ்,-,சந்தியா பதிப்பகம்,2017,கட்டுரை,இலக்கியம்,260,-,paperback 
"""",7.நான் ஒரு மநுவிரோதி,-,-,-,,தமிழ்,-,சந்தியா பதிப்பகம்,2017,நேர்காணல்,-,250,-,paperback 
"""",8.மீசை என்பது வெறும் மயிர்,-,-,-,,தமிழ்,176,சந்தியா பதிப்பகம்,2017,கட்டுரை,-,200,9789381343982,paperback 
"""",9.கடவுளுக்கும் முன்பிருந்தே உலகம் இருக்கிறது,-,-,-,,தமிழ்,112,நூல் வனம்,2016,கட்டுரை,-,80,-,paperback 
"""",10.மிச்சமிருக்கும் ஒன்பது விரல்கள்,-,-,-,,தமிழ்,56,சந்தியா பதிப்பகம்,2016,கவிதை,-,60,-,paperback 
"""",11.ஒசூர் எனப்படுவது யாதெனின்...,-,-,-,,தமிழ்,100,மலைகள்,2014,கட்டுரை,தமிழ்நாடு,85,-,paperback 
"""",12.நீங்கள் சுங்கச்சாவடியில் நின்று கொண்டிருக்கிறீர்கள்,-,-,-,,தமிழ்,112,சந்தியா பதிப்பகம்,2012,சிறுகதை,-,135,9789384915773,paperback 
"""",13.ஆகாயத்தில் எறிந்த கல்,-,-,-,,தமிழ்,96,வாசல் பதிப்பகம்,2011,கட்டுரை,"பண்பாடு,வரலாறு",60,-,paperback 
"""",14.சொல்லவே முடியாத கதைகளின் கதை,-,-,ஓடை பொ. துரை அரசன்,,தமிழ்,128,பாரதி புத்தகாலயம்,2010,சிறுகதை,-,130,-,paperback 
"ஆதவன் தீட்சண்யா ,லெ. ஜவகர்நேசன்",15.கல்வி: மாநில உரிமை,-,-,-,,தமிழ்,-,பாரதி புத்தகாலயம்,-,கட்டுரை,கல்வி,60,-,paperback 
,16.லிபரல் பாளையத்துக் கதைகள்,-,-,-,,தமிழ்,-,பாரதி புத்தகாலயம்,-,சிறுகதை,-,90,-,paperback 
,,,,,,,,,,,,,,
பூமணி,1.வெக்கை,-,-,-,,தமிழ்,-,காலச்சுவடு,2021,நாவல்,-,125,-,paperback 
"""",2.பூமணி சிறுகதைகள்,-,-,-,,தமிழ்,-,டிஸ்கவரி புக் பேலஸ்,2019,சிறுகதை,-,550,-,paperback 
"""",3.கொம்மை,-,-,-,,தமிழ்,-,டிஸ்கவரி புக் பேலஸ்,2018,நாவல்,-,555,-,paperback 
"""",4.நைவேத்யம்,-,-,-,,தமிழ்,-,டிஸ்கவரி புக் பேலஸ்,2018,நாவல்,-,160,-,paperback 
"""",5.பிறகு,-,-,-,,தமிழ்,-,டிஸ்கவரி புக் பேலஸ்,2018,நாவல்,-,200,-,paperback 
"""",6.வன அதிகாரியின் காதல்,சுலவோமிர் மிரோசெக்,பூமணி,-,,தமிழ்,208,டிஸ்கவரி புக் பேலஸ்,2018,"சிறுகதை,மொழிபெயர்ப்பு",-,180,,paperback 
"""",7.வரப்புகள்,-,-,-,,தமிழ்,-,டிஸ்கவரி புக் பேலஸ்,2018,நாவல்,-,160,-,paperback 
"""",8.வாய்க்கால்,-,-,-,,தமிழ்,-,டிஸ்கவரி புக் பேலஸ்,2018,நாவல்,-,80,-,paperback 
"""",9.வெக்கை,-,-,-,,தமிழ்,-,டிஸ்கவரி புக் பேலஸ்,2018,நாவல்,-,200,9789386555304,paperback 
"""",10.அஞ்ஞாடி,-,-,-,,தமிழ்,1066,க்ரியா,2014,நாவல்,-,1100,9788192130217,paperback 
"""",11.கிழிசல்,-,-,-,,தமிழ்,208,காலச்சுவடு,2014,சிறுகதை,-,225,9789382033448,paperback 
"""",12.பூமணி நாவல்கள்,-,-,-,,தமிழ்,728,நற்றிணை பதிப்பகம்,2014,நாவல்,-,590,9789382648901,paperback 
"""",13.பூமணி சிறுகதைகள்,-,-,-,,தமிழ்,496,நற்றிணை பதிப்பகம்,2013,சிறுகதை,-,400,9789382648451,paperback 
"""",14.வெக்கை,-,-,-,,தமிழ்,176,காலச்சுவடு,2012,நாவல்,-,200,9789381969298,paperback 
"""",15.பிறகு,-,-,-,,தமிழ்,256,காலச்சுவடு,2010,நாவல்,-,275,9789380240282,paperback 
"""",16.பிறகு,-,-,-,,தமிழ்,-,நற்றிணை பதிப்பகம்,-,நாவல்,-,130,-,paperback 
"""",17.வயிறுகள்,-,-,-,,தமிழ்,96,நற்றிணை பதிப்பகம்,-,சிறுகதை,-,80,-,paperback 
"""",18.வெக்கை,-,-,-,,தமிழ்,-,நற்றிணை பதிப்பகம்,-,நாவல்,-,100,-,paperback 
,,,,,,,,,,,,,,
சமயவேல்,,,,,,,,,,,,,,
Translation,1.கடல் என்னை நேசிக்கிறது,-,சமயவேல்,-,,தமிழ்,180,தமிழ்வெளி,2024,"நாவல்,மொழிபெயர்ப்பு",-,250,9789392543746,paperback 
Translation,2.ஓர் இலையுதிர்கால மலர் வாடுவதும் இல்லை வீழ்வதும் இல்லை,-,சமயவேல்,-,,தமிழ்,256,தமிழ்வெளி,2024,"கவிதை,மொழிபெயர்ப்பு",-,380,9789392543814,paperback 
Translation,3.ஒன்றுமின்மையின் குதூகலம்,ரியோகான்,சமயவேல்,-,,தமிழ்,256,தமிழ்வெளி,2023,"கவிதை,மொழிபெயர்ப்பு",-,280,9789392543661,paperback 
சமயவேல்,4.தமிழ்வெளி,-,-,-,,தமிழ்,-,தமிழ்வெளி,2023,பருவ இதழ்,"இலக்கியம்,கலை",150,-,paperback 
சமயவேல்,5.புனைவும் நினைவும்,-,-,-,,தமிழ்,-,தமிழ்வெளி,2023,சிறுகதை,-,240,9789392543418,paperback 
Editor ,6.தமிழ்வெளி,-,-,சமயவேல்,,தமிழ்,,தமிழ்வெளி,2023,பருவ இதழ்,"இலக்கியம்,கலை",150,-,paperback 
Translation,7.யாரோவொருவர் அங்கே நடுங்கிக்கொண்டிருகிறார்,அலெயேந்திரா பிஸார்நிக்,சமயவேல்,-,,தமிழ்,256,தமிழ்வெளி,2022,"கவிதை,மொழிபெயர்ப்பு",-,380,-,paperback 
Translation,8.பொறி முதலிய நாடகங்கள்,-,சமயவேல்,-,,தமிழ்,192,தமிழ்வெளி,2022,"நாடகம்,மொழிபெயர்ப்பு",-,220,9789392543180,paperback 
Editor ,9.தமிழ்வெளி,-,-,சமயவேல்,,தமிழ்,-,தமிழ்வெளி,2021,பருவ இதழ்,இலக்கியம்,120,-,Paperback 
Editor ,10.தமிழ்வெளி,-,-,சமயவேல்,,தமிழ்,-,தமிழ்வெளி,2021,பருவ இதழ்,"இலக்கியம்,கலை",120,-,paperback 
Editor ,11.தமிழ்வெளி,-,-,சமயவேல்,,தமிழ்,-,தமிழ்வெளி,2021,பருவ இதழ்,"இலக்கியம்,கலை",120,-,paperback 
சமயவேல்,12.சமகாலம் என்னும் நஞ்சு,-,-,-,,தமிழ்,102,தமிழ்வெளி,2021,கவிதை,-,100,-,paperback 
Editor ,13.தமிழ்வெளி,-,-,சமயவேல்,,தமிழ்,-,தமிழ்வெளி,2021,பருவ இதழ்,"இலக்கியம்,கலை",120,-,paperback 
translation,14.குளோரியா ஃப்யூர்டஸ் கவிதைகள்,-,சமயவேல்,-,,தமிழ்,96,தமிழ்வெளி,2019,கவிதை,-,99,9788193691069,paperback 
சமயவேல்,15.இப்போது நீங்கள் என்ன செய்து கொண்டிருக்கிறீர்கள்,-,-,-,,தமிழ்,-,தமிழ்வெளி,2019,கவிதை,-,100,-,paperback 
சமயவேல்,16.புனைவும் நினைவும்,-,-,-,,தமிழ்,-,மணல்வீடு,2019,சிறுகதை,-,100,-,paperback 
Translation,17.அன்னா ஸ்விர் கவிதைகள்,-,சமயவேல்,-,,தமிழ்,128,தமிழ்வெளி,2018,கவிதை,-,99,9788193691014,paperback 
சமயவேல்,18.ஆண்பிரதியும் பெண்பிரதியும்,-,-,-,,தமிழ்,160,மணல்வீடு,2017,கட்டுரை,-,150,-,paperback 
சமயவேல்,19.பறவைகள் நிரம்பிய முன்னிரவு,-,-,-,,தமிழ்,64,மலைகள்,2014,கவிதை,-,80,-,paperback 
"""",20.அரைக் கணத்தின் புத்தகம்,-,-,-,,தமிழ்,120,உயிர்மை பதிப்பகம்,2007,கவிதை,-,70,9788189912321,paperback 
"""",21.கண்மாய்க்கரை நாகரிகம்,-,-,-,,தமிழ்,120,தமிழ்வெளி,-,கவிதை,-,120,-,paperback 
,,,,,,,,,,,,,,
சி. எம். முத்து,1.சி.எம். முத்துவின் தேர்ந்தெடுத்த சிறுகதைகள்,-,-,-,,தமிழ்,-,நியூசெஞ்சுரி புக் ஹவுஸ்,2022,சிறுகதை,-,565,9788123441832,paperback 
"""",2.மிராசு,-,-,-,,தமிழ்,900,அனன்யா,2018,நாவல்,-,780,9788192861630,paperback 
"""",3.கறிச்சோறு,-,-,-,,தமிழ்,195,நியூசெஞ்சுரி புக் ஹவுஸ்,2015,நாவல்,-,155,9788123430904,paperback 
"""",4.அன்னை கஸ்தூரிபாவின் வாழ்வும் போராட்டமும்,-,-,-,,தமிழ்,59,அறிவுப் பதிப்பகம்,2015,வாழ்க்கை வரலாறு,-,55,9789383670840,paperback 
"""",5.காமராஜரின் வாழ்வும் சாதனைகளும்,-,-,-,,தமிழ்,92,அறிவுப் பதிப்பகம்,2014,வாழ்க்கை வரலாறு,தமிழக அரசியல்,90,9789383670673,paperback 
"""",6.காந்தியடிகளின் வாழ்வும் வாக்கும்,-,-,-,,தமிழ்,130,அறிவுப் பதிப்பகம்,2013,வாழ்க்கை வரலாறு,காந்தி,110,9789383670352,paperback 
"""",7.ஒவ்வொரு மலருக்கும் தனித்தனி மணமுண்டு,-,-,-,,தமிழ்,101,அறிவுப் பதிப்பகம்,2013,சிறுகதை,-,80,9789383670574,paperback 
"""",8.மழை,-,-,-,,தமிழ்,201,அறிவுப் பதிப்பகம்,2000,சிறுகதை,-,60,-,paperback 
"""",9.நெஞ்சின் நடுவே,-,-,-,,தமிழ்,-,அறிவுப் பதிப்பகம்,-,நாவல்,-,80,-,paperback 
"""",10.அந்திமம்,-,-,-,,தமிழ்,-,அறிவுப் பதிப்பகம்,-,சிறுகதை,-,45,-,paperback 
,,,,,,,,,,,-,,,
புதியமாதவி,1.ரசூலின் மனைவியாகிய நான்,-,-,-,,தமிழ்,-,காவ்யா பதிப்பகம்,2019,சிறுகதை,-,140,-,paperback 
"""",2.கதவுகள் திறக்கும் வானம்,-,-,-,,தமிழ் ,-,காவ்யா பதிப்பகம்,2015,கவிதை,-,110,-,paperback 
,,,,,,,,,-,,-,,,
திலகவதி,1.கல்மரம்,-,-,-,,தமிழ்,191,அம்ருதா பதிப்பகம்,2005,நாவல்,-,250,-,paperback 
Translation,2.என் தலைமாட்டில்,டெம்சுலா ஆவ்,திலகவதி,,,தமிழ் ,160,சாகித்திய அகாடெமி,-,"சிறுகதை,மொழிபெயர்ப்பு",-,170,9789387567856,paperback 
Translation,3.உதிரும் இலைகளின் ஓசை,-,திலகவதி,குர்ரத்துலைன் ஹைதர்,,தமிழ் ,352,சாகித்திய அகாடெமி,-,சிறுகதை,-,180,8126016388,paperback 
,,,,,,,,,,,-,,,
அபிமானி,1.பாதரவே,-,-,-,,தமிழ்,258,தடாகம் வெளியீடு,2024,நாவல்,-,320,-,paperback 
"""",2.அபிமானி சிறுகதைகள்,-,-,-,,தமிழ் ,-,நீலம் பதிப்பகம்,2022,சிறுகதை,-,200,-,paperback 
"""",3.தீர்ப்புகளின் காலம்,-,-,-,,தமிழ்,144,தடாகம் வெளியீடு,2019,சிறுகதை,-,150,9789388627115,paperback 
"""",4.தெரிந்தவன்,-,-,-,,தமிழ்,143,தடாகம் வெளியீடு,2019,சிறுகதை,-,150,9789388627122,paperback 
"""",5.நீர்கொத்தி மனிதர்கள்,-,-,-,,தமிழ் ,272,தடாகம் வெளியீடு,2016,நாவல்,-,220,9788193269145,paperback 
"""",6. நட்சத்திரங்களைத் திருடியவர்கள்,-,-,-,,தமிழ்,-,காவ்யா பதிப்பகம்,-,சிறுகதை,-,110,-,paperback 
,,,,,,,,,,,,,,
உஷா சுப்ரமணியன்,1.உஷா சுப்ரமணியன் குறுநாவல்கள்,-,-,-,,தமிழ்,-,எழுத்து பிரசுரம் ,2022,நாவல்,-,350,-,paperback 
"""",2.உஷா சுப்பிரமணியன் கதைகள்,-,-,-,,தமிழ்,-,எழுத்து பிரசுரம் ,2021,சிறுகதை,-,590,-,paperback 
"""",3.கல்யாண வேலிகள்,-,-,-,,தமிழ்,180,திருவரசு புத்தக நிலையம்,2002,நாவல்,-,40,-,paperback 
,,,,,,,,,,,,,,
பாஸ்கர் சக்தி,1.கடலோரக் கிளிஞ்சல்கள்,-,-,-,,தமிழ்,144,டிஸ்கவரி புக் பேலஸ்,2020,கட்டுரை,-,160,-,paperback 
"""",2.பூவரசம் வீடு,-,-,-,,தமிழ்,-,டிஸ்கவரி புக் பேலஸ்,2020,நாவல்,-,200,-,paperback 
"""",3.அழகர்சாமியின் குதிரை,-,-,-,,தமிழ்,-,நற்றிணை பதிப்பகம்,2018,திரைக்கதை,சினிமா,-,-,paperback 
"""",4.முயல் தோப்பு,-,-,-,,தமிழ்,128,டிஸ்கவரி புக் பேலஸ்,2016,சிறுகதை,-,150,9789384301064,paperback 
"""",5.கனக துர்கா,-,-,-,,தமிழ்,406,வம்சி புக்ஸ்,2014,சிறுகதை,-,450,9789380545219,paperback 
"""",6.பறவைகளும் சிறகுகளும்,-,-,-,,தமிழ்,152,கயல் கவின்,2012,கட்டுரை,பெண்கள்,110,-,paperback 
"""",7.காற்று வளையம்,-,-,-,,தமிழ்,-,டிஸ்கவரி புக் பேலஸ்,-,நாவல்,,120,-,paperback 
,,,,,,,,,,,,,,
நா. விச்வநாதன்,1.திசையெல்லாம் பெருவழி,-,-,-,,தமிழ்,75,நியூசெஞ்சுரி புக் ஹவுஸ்,2013,சிறுகதை,-,60,9788123425368,paperback 
"""",2.பாட்டிகளின் சிநேகிதன்,-,-,-,,தமிழ்,128,நியூசெஞ்சுரி புக் ஹவுஸ்,2008,சிறுகதை,-,50,9788123403041,paperback 
,,,,,,,,,,,,,,
ஜீ. முருகன்,1.இனியவன் இறந்துவிட்டான்,-,-,-,,தமிழ்,-,யாவரும் பதிப்பகம்,2024,நாவல்,-,100,-,paperback 
"""",2.தேவதையை தரிசித்த மனிதன்,-,-,-,,தமிழ்,124,யாவரும் பதிப்பகம்,2022,சிறுகதை,-,150,-,paperback 
"""",3.எழுபது கதைகள்,-,-,-,,தமிழ்,618,யாவரும் பதிப்பகம்,2022,சிறுகதை,-,740,-,paperback 
"""",4.நமக்கான நம் வீடு,-,-,-,,தமிழ்,-,யாவரும் பதிப்பகம்,2021,கட்டுரை,தற்சார்பு வாழ்க்கை,100,-,paperback 
editor,5.தேர்ந்தெடுத்த சிறுகதைகள்,-,-,ந. முருகேச பாண்டியன்,,தமிழ்,-,டிஸ்கவரி புக் பேலஸ்,2019,சிறுகதை,-,150,-,paperback 
"""",6.ஆந்த்ரேய் தார்க்கோவஸ்கியின் ஏழு காவியங்கள்,-,-,-,,தமிழ்,124,யாவரும் பதிப்பகம்,2018,கட்டுரை,சினிமா,160,-,paperback 
"""",7.மின்மினிகளின் கனவுக்காலம்,-,-,-,,தமிழ் ,-,யாவரும் பதிப்பகம்,2018,நாவல்,-,190,-,paperback 
"""",8.ஜீ. முருகன் சிறுகதைகள்,-,-,-,,தமிழ்,-,ஆதி பதிப்பகம்,2017,சிறுகதை,-,320,9788192223599,paperback 
"""",9.கண்ணாடி,-,-,-,,தமிழ்,132,யாவரும் பதிப்பகம்,2017,சிறுகதை,-,120,-,paperback 
"""",10.காட்டோவியம்,-,-,-,,தமிழ்,64,யாவரும் பதிப்பகம்,2017,கவிதை,-,60,-,paperback 
"""",11.மரம்,-,-,-,,தமிழ்,232,யாவரும் பதிப்பகம்,2017,நாவல்,-,220,-,paperback 
"""",12.ஆந்த்ரேய் தார்க்கோவஸ்கியின் ஏழு காவியங்கள்,-,-,-,,தமிழ்,126,ஆதி பதிப்பகம்,2012,கட்டுரை,சினிமா,80,-,paperback 
"""",13.காண்டாமிருகம்,-,-,-,,தமிழ்,282,ஆதி பதிப்பகம்,2011,சிறுகதை,-,120,-,paperback 
"""",14.இனியவன் இறந்துவிட்டான்,-,-,-,,தமிழ்,-,ஆதி பதிப்பகம்,2009,நாவல்,-,30,-,paperback 
"""",15.சாம்பல்நிற தேவதை,-,-,-,,தமிழ்,117,உயிர்மை பதிப்பகம்,2005,சிறுகதை,-,70,9788188641482,paperback 
"""",16.வனப்பாதையில்,-,-,-,,தமிழ்,-,அறம் பதிப்பகம்,-,நேர்காணல்,-,100,-,paperback 
,,,-,-,,,,,,,,,,
பாப்லோ அறிவுக்குயில்,1.கிளுக்கி,-,-,-,,தமிழ்,-,நியூசெஞ்சுரி புக் ஹவுஸ்,2021,சிறுகதை,-,65,-,paperback 
"""",2.தமுரு,-,-,-,,தமிழ்,261,எதிர் வெளியீடு,2014,நாவல்,-,220,9789384646110,paperback 
"""",3.பாப்லோ அறிவுக்குயில் சிறுகதைகள்,-,-,-,,தமிழ்,193,அறிவுப் பதிப்பகம்,2009,சிறுகதை,-,90,-,paperback 
,,,,,,,,,,,,,,
ப. கிருஷ்ணசாமி,-,-,-,-,,,,,,,-,,,
Translation,1.சிதம்பர ரகசியம்,கே. பி. பூர்ணச்சந்திர தேஜஸ்வி,ப. கிருஷ்ணசாமி,-,,தமிழ் ,-,சாகித்திய அகாடெமி,2000,"நாவல்,மொழிபெயர்ப்பு",-,250,8126008342,paperback 
ப. கிருஷ்ணசாமி,2.கொங்கு நாட்டு வரலாறு அண்ணமார்சுவாமி,,-,-,,தமிழ்,-,காவ்யா பதிப்பகம்,-,வரலாறு,-,-,-,paperback 
,,,,,,,,,,,,,,
நரசய்யா,1.நீலக்கடல் முழுவதும் கப்பல் விடுவோம்,-,-,-,,தமிழ்,-,தமிழ் மரபு அறக்கட்டளை,2023,கட்டுரை,"சூழலியல்,சுற்றுலா / பயணம்",150,-,paperback 
"""",2.மதராசபட்டினம்,-,-,-,,தமிழ் ,230,பழனியப்பா பிரதர்ஸ்,2015,வரலாறு,தமிழ்நாடு,580,9788183793841,Hardcover
"""",3.செம்புலப் பெயனீர்,-,-,-,,தமிழ்,122,பழனியப்பா பிரதர்ஸ்,2012,சிறுகதை,-,75,-,paperback 
"""",4.சொல்லொணாப்பேறு,-,-,-,,தமிழ்,204,பழனியப்பா பிரதர்ஸ்,2011,சிறுகதை,-,90,9788183793063,paperback 
"""",5.ஆலவாய்,-,-,-,,தமிழ்,-,பழனியப்பா பிரதர்ஸ்,2009,வரலாறு,-,275,9788183795179,paperback 
"""",6.கடலோடியின் கம்போடியா நினைவுகள்,-,-,-,,தமிழ்,159,பழனியப்பா பிரதர்ஸ்,2009,கட்டுரை,சுற்றுலா / பயணம்,60,9788183795227,paperback 
"""",7.கடல்வழி வணிகம்,-,-,-,,தமிழ்,394,பழனியப்பா பிரதர்ஸ்,2005,வரலாறு,வணிகம்,290,9788183797573,Hardcover
"""",8.கடலோடி,-,-,-,,தமிழ்,-,நிவேதிதா பதிப்பகம்,,பயணக்குறிப்பு,-,160,-,paperback 
,,,,,,,,,,,,,,
குமார் அம்பாயிரம்,1.கருங்குருவி,-,-,-,,தமிழ்,136,தமிழ்வெளி,2025,"கவிதை,நேர்காணல்",-,160,9789392543548,paperback 
"""",2.ஈட்டி,-,-,-,,தமிழ்,192,தமிழ்வெளி,2021,சிறுகதை,-,222,9788194940401,Hardcover
,,,,,,,,,,,,-,,
எழில்வரதன்,1.ரதிப்பெண்கள் திரியும் அங்காடித்தெரு,-,-,-,,தமிழ்,248,சந்தியா பதிப்பகம்,2019,சிறுகதை,-,240,9789387499812,paperback 
"""","""",-,-,-,,தமிழ்,-,சந்தியா பதிப்பகம்,2017,சிறுகதை,-,170,-,paperback 
"""","""",-,-,-,,தமிழ்,176,சந்தியா பதிப்பகம்,2017,சிறுகதை,-,165,,paperback 
,,,,,,,,,,,,,-,
ராமச்சந்திர வைத்தியநாத்,1.தடம் பதித்த தமிழ்ப் பதிப்புகள்,,-,-,,தமிழ்,-,பாரதி புத்தகாலயம்,2024,கட்டுரை,-,140,-,paperback 
Translation,2.மே தின விடுமுறையின் வரலாறு,எரிக் ஹோப்ஸ்பாம்,ராமச்சந்திர வைத்தியநாத்,-,,தமிழ்,32,பாரதி புத்தகாலயம்,2022,"மொழிபெயர்ப்பு,வரலாறு",சர்வதேச அரசியல்,25,-,paperback 
Translation,3.எம்.என். ராய் ஓர் அரசியல் வாழ்க்கை வரலாறு,சமரேன் ராய்,ராமச்சந்திர வைத்தியநாத்,-,,தமிழ்,-,பாரதி புத்தகாலயம்,2021,"மொழிபெயர்ப்பு,வாழ்க்கை வரலாறு",மார்க்சியம்,200,-,paperback 
ராமச்சந்திர வைத்தியநாத்,4.அஸ்வமேதம்,-,-,-,,தமிழ்,-,பாரதி புத்தகாலயம்,2018,நாவல்,இந்திய அரசியல்,140,-,paperback 
"""",5.பூர்ணாஹூதி,-,-,-,,தமிழ்,-,பாரதி புத்தகாலயம்,2018,சிறுகதை,-,280,-,paperback 
"""",6.சென்னப்பட்டணம்,,-,-,,தமிழ்,693,பாரதி புத்தகாலயம்,2016,வரலாறு,தமிழ்நாடு,600,-,paperback 
Translation,7.பாரிஸ் கம்யூன்,விஜய் பிரசாத்,ராமச்சந்திர வைத்தியநாத்,-,,தமிழ்,-,பாரதி புத்தகாலயம்,-,,சர்வதேச அரசியல்,130,-,paperback 
Translation,8.புரூனோ,-,ராமச்சந்திர வைத்தியநாத்,-,,தமிழ்,-,பாரதி புத்தகாலயம்,-,"மொழிபெயர்ப்பு,வரலாறு",-,10,-,paperback 
ராமச்சந்திர வைத்தியநாத்,9.ஸ்டிரைக்,-,-,-,,தமிழ்,-,பாரதி புத்தகாலயம்,-,நாவல்,மார்க்சியம்,250,-,paperback 
,,-,-,,,,,,,,,,,
உதயசங்கர்,1.அதிசயத்திலும் அதிசயம்,-,-,-,,தமிழ்,48,பாரதி புத்தகாலயம்,2024,சிறுவர் கதை,-,50,-,paperback 
"""",2.தவளை ராஜாவும் அரிசிப்பூக்களும்,-,-,-,,தமிழ்,-,பாரதி புத்தகாலயம்,2024,சிறுவர் கதை,-,60,-,paperback 
"""",3.பகிர்ந்து சாப்பிட வேண்டும் டின் டின்,-,-,-,,தமிழ்,12,பாரதி புத்தகாலயம்,2023,சிறுவர் கதை,-,30,-,paperback 
"""",4.டின் டின்னை ஏன் யாருக்கும் பிடிக்கவில்லை?,-,-,-,,தமிழ்,12,பாரதி புத்தகாலயம்,2023,சிறுவர் கதை,-,30,-,paperback 
"""",5.நலம் தரும் சுத்தம்,-,-,-,,தமிழ்,-,பாரதி புத்தகாலயம்,2023,சிறுவர் கதை,-,30,-,paperback 
"""",6.ஏன் பல் தேய்க்கணும்?,-,-,-,,தமிழ்,-,பாரதி புத்தகாலயம்,2023,சிறுவர் கதை,-,30,-,paperback 
"""",7.எனக்குச் சாப்பிடப் பிடிக்கவில்லை அம்மா,-,-,-,,தமிழ்,-,பாரதி புத்தகாலயம்,2023,சிறுவர் கதை,-,30,-,paperback 
"""",8.குளிக்கமாட்டேன் போ,-,-,-,,தமிழ்,-,பாரதி புத்தகாலயம்,2023,சிறுவர் கதை,-,30,-,paperback 
"""",9.வாசிக்கத் தெரியாத வாத்து,-,-,-,,தமிழ்,-,பாரதி புத்தகாலயம்,2023,சிறுவர் கதை,-,30,-,paperback 
"""",10.விளையாடா வேண்டாமா டின் டின்?,-,-,-,,தமிழ்,-,பாரதி புத்தகாலயம்,2023,சிறுவர் கதை,-,30,-,paperback 
"""",11.பேயா? பிசாசா?,-,-,-,,தமிழ்,32,பாரதி புத்தகாலயம்,2023,சிறுவர் கதை,பேய்க்கதை,30,-,paperback 
Translation,12.நடனமாடிய ஆடுகள்,சி.ஆர். தாஸ்,உதயசங்கர்,-,,தமிழ்,48,பாரதி புத்தகாலயம்,2023,"சிறுவர் கதை,மொழிபெயர்ப்பு",-,50,-,paperback 
Translation,13.காலக்கனவுகள்,சி.ஆர். தாஸ்,உதயசங்கர்,-,,தமிழ்,-,பாரதி புத்தகாலயம்,2021,நாவல்,-,70,-,paperback 
உதயசங்கர்,14.மாயாவின் பொம்மை,-,-,-,,தமிழ்,-,வானம் பதிப்பகம்,2020,சிறுவர் கதை,-,60,-,paperback 
"""",15.குழந்தைகளின் அற்புத உலகில்,-,-,-,,தமிழ்,-,நூல் வனம்,2020,,-,140,-,paperback 
Translation,16.ஆகாய யுத்தம்,-,உதயசங்கர்,-,,தமிழ்,16,பாரதி புத்தகாலயம்,2016,"சிறுவர் கதை,படப் புத்தகம்",-,25,-,paperback 
Translation,17.ஸ்கூலுக்குப் போகிறாள் சுஸ்கித்,-,உதயசங்கர்,-,,தமிழ்,18,பாரதி புத்தகாலயம்,2016,"சிறுவர் கதை,படப் புத்தகம்",-,35,-,paperback 
Translation,18.வாயும் மனிதர்களும்,வி. அபிமன்யு,உதயசங்கர்,-,,தமிழ்,16,பாரதி புத்தகாலயம்,2009,சிறுவர் கதை,-,10,9789381908822,paperback 
Translation,19.என் கதை,-,உதயசங்கர்,-,,தமிழ்,10,பாரதி புத்தகாலயம்,2009,காமிக்ஸ் / கிராஃபிக் நாவல்,-,15,-,paperback 
Translation,20.படர்ந்து... படர்ந்து... படர்ந்த கதை,-,உதயசங்கர்,-,,தமிழ்,10,பாரதி புத்தகாலயம்,2009,காமிக்ஸ் / கிராஃபிக் நாவல்,-,15,-,paperback 
Translation,21.சூரியனைத் தொடவேண்டி...,-,உதயசங்கர்,-,,தமிழ்,10,பாரதி புத்தகாலயம்,2009,காமிக்ஸ் / கிராஃபிக் நாவல்,-,15,-,paperback 
உதய சங்கர்,22.நினைவு என்னும் நீள்நதி,-,-,-,,தமிழ்,-,நியூசெஞ்சுரி புக் ஹவுஸ்,-,கட்டுரை,-,120,-,paperback 
,,,,,,,,,,,,,,
யுவன் சந்திரசேகர்,,,,,,,,,,,,,,
Translation ,1.யுவன் சந்திரசேகர் தேர்ந்தெடுக்கப்பட்ட சிறுகதைகள்,-,சுரேஷ் பிரதீப்,-,,தமிழ்,376,நூல் வனம்,2025,சிறுகதை,-,500,9788198408945,paperback 
யுவன் சந்திரசேகர்,2.செவி மொழியும் மன மொழியும்,-,-,-,,தமிழ்,216,நூல் வனம்,2024,கட்டுரை,-,250,-,paperback 
"""",3.ஆறு தாரகைகள்,-,-,-,,தமிழ்,-,எழுத்து பிரசுரம் (Tamil imprint of Zero Degree Publishing),2024,நாவல்,-,450,-,paperback 
"""",4.ரசவாதம்,-,-,-,,தமிழ்,-,எழுத்து பிரசுரம் (Tamil imprint of Zero Degree Publishing),2024,சிறுகதை,-,300,-,paperback 
Translation,5.நிழல் (மொழியாக்க கதைகள்),-,யுவன் சந்திரசேகர்,-,,தமிழ்,-,பாதரசம்,2024,"சிறுகதை,மொழிபெயர்ப்பு",-,150,-,paperback 
Translation,6.நிழல்,-,யுவன் சந்திரசேகர்,-,,தமிழ்,-,பாதரசம்,2024,சிறுகதை,-,150,-,paperback 
யுவன் சந்திரசேகர்,7.நீர்ப்பறவைகளின் தியானம் ,-,-,-,,தமிழ்,-,எழுத்து பிரசுரம் (Tamil imprint of Zero Degree Publishing),2023,சிறுகதை,-,330,-,paperback 
"""",8.கடல் கொண்ட நிலம்,-,-,-,,தமிழ்,-,எழுத்து பிரசுரம் (Tamil imprint of Zero Degree Publishing),2023,சிறுகதை,-,290,-,paperback 
"""",9.சரி செய்ய முடியாத சிறு தவறுகள்,-,-,-,,தமிழ்,-,எழுத்து பிரசுரம் (Tamil imprint of Zero Degree Publishing),2023,சிறுகதை,-,280,-,paperback 
"""",10.நிலவைச் சுட்டும் விரல்,-,-,-,,தமிழ்,215,காலச்சுவடு,2023,கட்டுரை,-,270,9788119034796,paperback 
"""",11.மணற்கேணி,-,-,-,,தமிழ்,-,யாவரும் பதிப்பகம்,2023,நாவல்,-,280,-,paperback 
"""",12.வெளியேற்றம் (எழுத்து பிரசுரம்) - HB,-,-,-,,தமிழ்,-,எழுத்து பிரசுரம் (Tamil imprint of Zero Degree Publishing),2023,நாவல்,-,850,-,Hardcover
"""",13.வெளியேற்றம்,-,-,-,,தமிழ்,-,எழுத்து பிரசுரம் (Tamil imprint of Zero Degree Publishing),2023,நாவல்,-,850,-,paperback 
"""",14.எதிர்க்கரை,-,-,-,,தமிழ்,-,எழுத்து பிரசுரம் (Tamil imprint of Zero Degree Publishing),2023,நாவல்,-,420,-,paperback 
"""",15.ஏற்கனவே,-,-,-,,தமிழ்,-,எழுத்து பிரசுரம் (Tamil imprint of Zero Degree Publishing),2023,சிறுகதை,-,320,-,paperback 
Translation,16.பெயரற்ற யாத்ரீகன்: ஜென் கவிதைகள்,-,யுவன் சந்திரசேகர்,-,,தமிழ்,232,நூல் வனம்,2023,"கவிதை,மொழிபெயர்ப்பு",-,350,9788193373668,Hardcover
யுவன் சந்திரசேகர்,17.ஒளிவிலகல்,-,-,-,,தமிழ்,-,எழுத்து பிரசுரம் (Tamil imprint of Zero Degree Publishing),2022,சிறுகதை,-,340,-,paperback 
Translation,18.ஆத்மாநாம் தேர்ந்தெடுத்த கவிதைகள்,ஆத்மாநாம்,-,யுவன் சந்திரசேகர்,,தமிழ்,-,காலச்சுவடு,2022,கவிதை,-,120,-,paperback 
யுவன் சந்திரசேகர்,19.கானல் நதி,-,-,-,,தமிழ்,-,எழுத்து பிரசுரம் (Tamil imprint of Zero Degree Publishing),2022,நாவல்,-,490,-,paperback
"""",20.எண்கோண மனிதன்,-,-,-,,தமிழ்,-,எழுத்து பிரசுரம் (Tamil imprint of Zero Degree Publishing),2022,நாவல்,-,300,-,paperback 
"""",21.தலைப்பில்லாதவை,-,-,-,,தமிழ்,-,காலச்சுவடு,2021,சிறுகதை,-,590,9789355230324,paperback 
"""",22.பகடையாட்டம்,-,-,-,,தமிழ்,-,எழுத்து பிரசுரம் (Tamil imprint of Zero Degree Publishing),2021,நாவல்,-,360,-,paperback 
"""",23.குள்ளச் சித்தன் சரித்திரம்,-,-,-,,தமிழ்,-,எழுத்து பிரசுரம் (Tamil imprint of Zero Degree Publishing),2021,நாவல்,-,330,-,paperback 
"""",24.கடலில் எறிந்தவை,-,-,-,,தமிழ்,-,எழுத்து பிரசுரம் (Tamil imprint of Zero Degree Publishing),2021,சிறுகதை,-,260,-,paperback 
"""",25.வேதாளம் சொன்ன கதை,-,-,-,,தமிழ்,400,காலச்சுவடு,2019,நாவல்,-,450,9788194302766,paperback 
Translation,26.கூட்டுவிழிகள் கொண்ட மனிதன்,வு மிங் யி,யுவன் சந்திரசேகர்,-,,தமிழ்,360,காலச்சுவடு,2019,"நாவல்,மொழிபெயர்ப்பு",-,395,9788194302704,paperback 
யுவன் சந்திரசேகர்,27.ஒற்றறிதல்,-,-,-,,தமிழ்,-,காலச்சுவடு,2018,நாவல்,-,290,-,paperback 
"""",28.குள்ளச் சித்தன் சரித்திரம்,-,-,-,,தமிழ்,292,கிழக்கு பதிப்பகம்,2017,நாவல்,-,250,9788184935127,paperback 
"""",29.ஊர்சுற்றி,-,-,-,,தமிழ்,408,காலச்சுவடு,2016,நாவல்,-,500,9789352440061,paperback 
"""",30.வெளியேற்றம்,-,-,-,,தமிழ்,488,கிழக்கு பதிப்பகம்,2015,நாவல்,-,500,9789351351993,paperback 
Translation,31.பொம்மை அறை,லோரன்ஸ் வில்லலோங்கா,யுவன் சந்திரசேகர்,-,,தமிழ்,318,காலச்சுவடு,2015,"நாவல்,மொழிபெயர்ப்பு",-,295,9789384641221,paperback 
யுவன் சந்திரசேகர்,32.மணற்கேணி,-,-,-,,தமிழ்,310,கிழக்கு பதிப்பகம்,2013,நாவல்,-,300,9788184939514,paperback 
"""",33.கானல் நதி,-,-,-,,தமிழ்,320,கிழக்கு பதிப்பகம்,2013,நாவல்,-,350,9788184939521,paperback 
"""",34.நீர்ப்பறவைகளின் தியானம்,-,-,-,,தமிழ்,208,கிழக்கு பதிப்பகம்,2013,நாவல்,-,200,9789351351894,paperback 
Translation,35.குதிரை வேட்டை,பெர் பெதர்சன்,-,-,,தமிழ்,224,காலச்சுவடு,2013,"நாவல்,மொழிபெயர்ப்பு",-,325,9789382033158,paperback 
யுவன் சந்திரசேகர்,36.நினைவுதிர் காலம்,-,-,-,,தமிழ்,288,காலச்சுவடு,2013,நாவல்,இசை,360,9789382033066,paperback 
Translation,37.நகுலன் தேர்ந்தெடுத்த கவிதைகள்,நகுலன்,-,யுவன் சந்திரசேகர்,,தமிழ்,96,காலச்சுவடு,2012,கவிதை,-,130,9789381969502,paperback 
யுவன் சந்திரசேகர்,38.ஏமாறும் கலை,-,-,-,,தமிழ்,240,காலச்சுவடு,2012,சிறுகதை,-,290,9789381969472,paperback 
"""",39.ஏற்கனவே,-,-,-,,தமிழ்,248,கிழக்கு பதிப்பகம்,2011,சிறுகதை,-,150,9788184934953,paperback 
"""",40.பகடையாட்டம்,-,-,-,,தமிழ்,292,கிழக்கு பதிப்பகம்,2011,நாவல்,-,175,9788184935165,paperback 
"""",41.பயணக் கதை,-,-,-,,தமிழ்,388,காலச்சுவடு,2011,நாவல்,-,480,9789380240855,paperback 
Translation,42.எனது இந்தியா,ஜிம் கார்பெட்,யுவன் சந்திரசேகர்,-,,தமிழ்,232,காலச்சுவடு,2011,"கட்டுரை,மொழிபெயர்ப்பு",சூழலியல்,290,9788189359142,paperback 
யுவன் சந்திரசேகர்,43.கடல் கொண்ட நிலம்,-,-,-,,தமிழ்,242,கிழக்கு பதிப்பகம்,2009,சிறுகதை,-,240,9788184932522,paperback 
"""",44.யுவன் சந்திரசேகர் சிறுகதைகள்,-,-,-,,தமிழ்,744,கிழக்கு பதிப்பகம்,2008,சிறுகதை,-,625,9788183686259,paperback 
"""",45.மணற்கேணி (உயிர்மை பதிப்பகம்),-,-,-,,தமிழ்,312,உயிர்மை பதிப்பகம்,2008,சிறுகதை,-,180,9788189912956,paperback 
"""",46.ஒளி விலகல்,-,-,-,,தமிழ்,224,காலச்சுவடு,2004,சிறுகதை,-,100,8187477121,paperback 
"""",47.நீர்ப்பறவைகளின் தியானம்,-,-,-,,தமிழ்,208,உயிர்மை பதிப்பகம்,-,நாவல்,-,120,9789380072470,paperback 
,,,,,,,,,,,,,,
பா. செயப்பிரகாசம் ,1.உச்சி வெயில்,-,-,-,,தமிழ்,184,பாரதி புத்தகாலயம்,2023,நாவல்,-,200,-,Paperback
"""",2.நூற்றாண்டை நோக்கி... கி.ரா.வுடன் சில பக்கங்கள்,-,-,-,,தமிழ்,-,விஜயா பதிப்பகம்,2021,நாட்குறிப்பு / நினைவுக்குறிப்பு,இலக்கியம்,160,-,Paperback
"""",3.கூட்டாஞ்சோறு,-,-,-,,தமிழ்,-,அன்னம் - அகரம் பதிப்பகம்,2020,சிறுகதை,-,150,-,Paperback
"""",4.மணல்,-,-,-,,தமிழ்,224,நூல் வனம்,2020,நாவல்,-,210,9788193373408,Paperback
"""",5.எழுத்தில் மட்டுமல்ல முன்னத்தி ஏர்,-,-,-,,தமிழ்,80,நூல் வனம்,2018,கட்டுரை,இலக்கியம்,60,-,Paperback
"""",6.மண்ணின் குரல்,-,-,-,,தமிழ்,296,விகடன் பிரசுரம்,2017,கட்டுரை,-,250,-,Paperback
"""",7.அதிர்வுகள்,-,-,-,,தமிழ்,-,அன்னம் - அகரம் பதிப்பகம்,2017,கட்டுரை,மார்க்சியம்,350,-,Paperback
"""",8.இன்குலாப்: சாகாத வானம்,-,-,-,,தமிழ்,48,புலம் வெளியீடு,2017,நினைவஞ்சலி,மார்க்சியம்,20,-,Paperback
Editor ,9.மக்கள் கலைஞர் கே. ஏ. குணசேகரன்,-,-,"பா. செயப்பிரகாசம்,ரேவதி குணசேகரன்",,தமிழ்,-,புலம் வெளியீடு,2017,நினைவஞ்சலி,கலை,300,-,Paperback
"""",10.நஞ்சுண்ட பூமி,-,-,-,,தமிழ்,240,வம்சி புக்ஸ்,2016,கட்டுரை,-,200,9789384598211,Paperback
"""",11.பள்ளிக்கூடம்,-,-,-,,தமிழ்,344,வம்சி புக்ஸ்,2016,நாவல்,கல்வி,200,9789384598433,Paperback
"""",12.தாலியில் பூச்சூடியவர்கள்,-,-,-,,தமிழ்,320,நற்றிணை பதிப்பகம்,2016,சிறுகதை,-,260,-,Paperback
"""",13.பா. செயப்பிரகாசம் கதைகள் (இரண்டாம் தொகுதி),-,-,-,,தமிழ்,722,வம்சி புக்ஸ்,2015,சிறுகதை,-,700,9789384598143,Hardcover
"""",14.பா. செயப்பிரகாசம் கதைகள் (முதல் தொகுதி),-,-,-,,தமிழ்,674,வம்சி புக்ஸ்,2015,சிறுகதை,-,650,9789384598143,Hardcover
"""",15.கொலை செய்யும் சாதி,-,-,-,,தமிழ்,56,ஆழி பதிப்பகம்,2015,கட்டுரை,சமூக நீதி,50,-,Paperback
"""",16.காற்றடிக்கும் திசையில் இல்லை ஊர்,-,-,-,,தமிழ்,200,வம்சி புக்ஸ்,2014,கட்டுரை,நாட்டாரியல்,200,9789384598112,Paperback
"""",17.தெக்கத்தி ஆத்மாக்கள்,-,-,-,,தமிழ்,296,வம்சி புக்ஸ்,2014,சிறுகதை,-,250,9789384598099,Paperback
"""",18.முள்ளிவாய்க்காலில் தொடங்கும் விடுதலை அரசியல்,-,-,-,,தமிழ்,176,காலச்சுவடு,2013,கட்டுரை,ஈழம்,140,9789381969328,Paperback
"""",19.ஒரு பேரனின் கதைகள்,-,-,-,,தமிழ்,80,சந்தியா பதிப்பகம்,2009,கட்டுரை,-,35,-,Paperback
Editor ,20.கோட்பாட்டு நோக்கு ஆய்வு,-,-,"பா. செயப்பிரகாசம்,சு. ஆ. வெங்கட சுப்புராய நாயகர்,க. பஞ்சாங்கம்",,தமிழ்,-,அன்னம் - அகரம் பதிப்பகம்,-,கட்டுரை,இலக்கியம்,250,-,Paperback
Editor ,21.கி.ரா. என்னும் மானுடம்,-,-,"பா. செயப்பிரகாசம்,சு. ஆ. வெங்கட சுப்புராய நாயகர்,க. பஞ்சாங்கம்",,தமிழ்,-,அன்னம் - அகரம் பதிப்பகம்,-,கட்டுரை,இலக்கியம்,250,-,Paperback
Editor ,22.கி.ரா.வும் புனைகதைகளும்,-,-,"பா. செயப்பிரகாசம்,சு. ஆ. வெங்கட சுப்புராய நாயகர்,க. பஞ்சாங்கம்",,தமிழ்,-,அன்னம் - அகரம் பதிப்பகம்,-,கட்டுரை,இலக்கியம்,200,-,Paperback
Translator,23.பஞ்சாபி இலக்கிய வரலாறு,கர்த்தார் சிங் துக்கல்,-,-,,,600,சாகித்திய அகாடெமி,-,வரலாறு,ஆங்கில இலக்கியம்,300,8126021012,Paperback
,,,,,,,,,,,,,,
பா. வெங்கடேசன்,1.பா. வெங்கடேசன் கவிதைகள்,-,-,-,,தமிழ்,-,காலச்சுவடு,2023,கவிதை,-,280,9788193679524,Paperback
Translator,2.முறிந்த ஏப்ரல்,இஸ்மாயில் கதாரே,-,-,,தமிழ்,-,காலச்சுவடு,2023,நாவல்,-,,9789355231208,Paperback
"""",3.ஒரிஜினல் நியூஸ் ரீல் கதைகள்,-,-,-,,தமிழ்,-,ஜெய்ரிகி பதிப்பகம்,2022,சிறுகதை,-,140,9788193679524,Paperback
"""",4.கதையும் புனைவும்,-,-,த. ராஜன்,,தமிழ்,152,எதிர் வெளியீடு,2021,நேர்காணல்,இலக்கியம்,250,9789390811205,Hardcover
"""","5.தாண்டவராயன் கதை (PB)
சொல்லப்படாத கதைகளின் கதை முப்பத்தியெட்டு சர்க்கங்களில்",-,-,-,,தமிழ்,-,காலச்சுவடு,2020,நாவல்,-,1090,-,Paperback
"""","6.தாண்டவராயன் கதை (HB)
சொல்லப்படாத கதைகளின் கதை முப்பத்தியெட்டு சர்க்கங்களில்",-,-,-,,தமிழ்,872,காலச்சுவடு,2019,நாவல்,-,1390,-,Paperback
"""",7.வாராணசி: மயக்கநிலைத் தோற்றங்கள்,-,-,-,,தமிழ்,192,காலச்சுவடு,2019,நாவல்,-,255,9789388631136,Paperback
"""",8.ராஜன் மகள்,-,-,-,,தமிழ்,528,காலச்சுவடு,2018,சிறுகதை,-,360,9788187477259,Paperback
"""",9.உயிர்கள் நிலங்கள் பிரதிகள் மற்றும் பெண்கள்,-,-,-,,தமிழ்,248,காலச்சுவடு,2017,கட்டுரை,இலக்கியம்,275,9789386820013,Paperback
"""",10.பாகீரதியின் மதியம்,-,-,-,,தமிழ்,712,காலச்சுவடு,2016,நாவல்,-,750,9789352440160,Paperback
"""",11.வாழ்க தளபதி,-,-,-,,தமிழ்,80,கௌரா பதிப்பகக் குழுமம்,2015,கவிதை,-,50,-,Paperback
"""",12.நீளா,-,-,-,,தமிழ்,72,காலச்சுவடு,2014,கவிதை,-,70,9789382033639,Paperback
"""",13.தாண்டவராயன் கதை,-,-,-,,தமிழ்,952,ஆழி பதிப்பகம்,2008,நாவல்,-,575,-,Paperback
,,,,,,,,,,,,,,
விக்ரமாதித்யன்,1.சாயல் எனப்படுவது யாதெனின்...,-,-,-,,தமிழ்,,படிகம்,2017,கவிதை,,125,,Paperback
"""",2.சொல்லிடில் எல்லை இல்லை,-,-,-,,தமிழ்,112,நக்கீரன் பப்ளிகேஷன்ஸ்,2014,கவிதை,,70,9789381828847,Paperback
"""",3.அவன் எப்போது தாத்தாவானான்,-,-,-,,தமிழ்,128,நற்றிணை பதிப்பகம்,2012,கவிதை,,100,9789382648109,Paperback
"""",4.இருட்டின் நிறமும் பகலின் ஒளியும்,-,-,-,,தமிழ்,184,நக்கீரன் பப்ளிகேஷன்ஸ்,,கவிதை,,110,,Paperback
"""",5.இழை இழையாய்,-,-,-,,தமிழ்,144,நக்கீரன் பப்ளிகேஷன்ஸ்,,கவிதை,,90,,Paperback
"""",6.காடுதிருத்தி கழனியாக்கி,-,-,-,,தமிழ்,192,நக்கீரன் பப்ளிகேஷன்ஸ்,,கவிதை,,125,,Paperback
"""",7.பின்னைப் புதுமை,-,-,-,,தமிழ்,,டிஸ்கவரி புக் பேலஸ்,,கட்டுரை,,150,,Paperback
"""",8.கவிதை ரசனை,-,-,-,,தமிழ்,288,கயல் கவின்,,கட்டுரை,இலக்கியம்,210,,Paperback
"""",9.கங்கோத்ரி,-,-,-,,தமிழ்,208,கயல் கவின்,,கட்டுரை,,150,,Paperback
"""","10.சிறுகோட்டுப் பெரும்பழம்
தேர்ந்தெடுத்த கவிதைகள்",-,-,-,,தமிழ்,312,டிஸ்கவரி புக் பேலஸ்,,கவிதை,,300,,Paperback
,,,,,,,,,,,,,,
சுப்ரபாரதிமணியன்,1.பார்க்க மறுத்த பறவைகள்,-,-,-,,தமிழ்,,எழுத்து பிரசுரம் (Tamil imprint of Zero Degree Publishing),2024,சிறுகதை,,200,,
"""",2.ஒரு கை உணவில் (NCBH),-,-,-,,தமிழ்,104,நியூசெஞ்சுரி புக் ஹவுஸ்,2024,நாவல்,,120,9788197772511,Paperback
"""",3.சாயத்திரை (NCBH),-,-,-,,தமிழ்,204,நியூசெஞ்சுரி புக் ஹவுஸ்,2024,நாவல்,சூழலியல்,230,9788197772528,Paperback
"""",4.சிலுவை,-,-,-,,தமிழ்,872,நியூசெஞ்சுரி புக் ஹவுஸ்,2023,நாவல்,,1200,,Hardcover
"""",5.ஒரு கை உணவில்...,-,-,-,,தமிழ்,,டிஸ்கவரி புக் பேலஸ்,2023,நாவல்,,160,,Paperback
"""",6.திரை (எழுத்து பிரசுரம்),-,-,-,,தமிழ்,,எழுத்து பிரசுரம் ,2023,நாவல்,சினிமா,230,,Paperback
"""","7.பச்சைப் பதிகம்
சூழலியல் கட்டுரைகள்",-,-,-,,தமிழ்,,வாசகசாலை,2021,கட்டுரை,சூழலியல்,100,,Paperback
"""",8.பூமிக்கு மனிதன் தலைவனா?,-,-,-,,தமிழ்,,உயிர்மை பதிப்பகம்,2020,கட்டுரை,,160,,Paperback
"""",9.ரேகை,-,-,-,,தமிழ்,,பொன்னுலகம்,2018,நாவல்,,125,,Paperback
"""",10.மறைந்து வரும் மரங்கள்,-,-,-,,தமிழ்,116,நியூசெஞ்சுரி புக் ஹவுஸ்,2017,கட்டுரை,சூழலியல்,100,,Paperback
"""",11.கோமணம்,-,-,-,,தமிழ்,104,கிழக்கு பதிப்பகம்,2017,நாவல்,,120,9789386737366,Paperback
"""",12.ஓடும் நதி,-,-,-,,தமிழ்,,நியூசெஞ்சுரி புக் ஹவுஸ்,2017,நாவல்,பெண்கள்,235,9788123433707,Paperback
"""",13.வெள்ளம்,-,-,-,,தமிழ்,110,உயிர்மை பதிப்பகம்,2016,சிறுகதை,,100,9789385104510,Paperback
"""",14.முறிவு,-,-,-,,தமிழ்,96,உயிர்மை பதிப்பகம்,2016,நாவல்,பெண்கள்,90,9789385104701,Paperback
"""",15.நைரா,-,-,-,,தமிழ்,200,நியூசெஞ்சுரி புக் ஹவுஸ்,2016,நாவல்,,150,9788123431673,Paperback
"""",16.புத்துமண்,-,-,-,,தமிழ்,118,உயிர்மை பதிப்பகம்,2014,நாவல்,சூழலியல்,100,9789381975855,Paperback
"""",17.மேக வெடிப்பு,-,-,-,,தமிழ்,64,எதிர் வெளியீடு,2014,கட்டுரை,சூழலியல்,50,,Paperback
"""",18.தறிநாடா,-,-,-,,தமிழ்,237,நியூசெஞ்சுரி புக் ஹவுஸ்,2013,நாவல்,,185,9788123424590,Paperback
"""",19.வேட்டை,-,-,-,,தமிழ்,110,உயிர்மை பதிப்பகம்,2012,சிறுகதை,,90,9789381095744,Paperback
"""",20.நீர்த்துளி,-,-,-,,தமிழ்,208,உயிர்மை பதிப்பகம்,2012,நாவல்,,160,9789381095751,Paperback
"""",21.மாலு,-,-,-,,தமிழ்,102,உயிர்மை பதிப்பகம்,2012,நாவல்,,80,9789381975213,Paperback
"""",22.சாயத்திரை,-,-,-,,தமிழ்,208,எதிர் வெளியீடு,2012,நாவல்,சூழலியல்,195,9788192754345,Paperback
"""",23.நாளை மற்றொரு நாளல்ல,-,-,-,,தமிழ்,88,உயிர்மை பதிப்பகம்,2010,கட்டுரை,,50,9789380072685,Paperback
"""",24.ஆழம்,-,-,-,,தமிழ்,150,அறிவுப் பதிப்பகம்,2009,சிறுகதை,,70,,Paperback
"""",25.ஓ ! மலேசியா !,-,-,-,,தமிழ்,,பழனியப்பா பிரதர்ஸ்,,பயணக்குறிப்பு,சுற்றுலா / பயணம்,135,,Paperback
"""",26.மற்றும் சிலர்,-,-,-,,தமிழ்,224,டிஸ்கவரி புக் பேலஸ்,,நாவல்,,180,9789384301378,Paperback
,,,,,,,,,,,,,,
சிவசங்கரி,1.Surya Vamsam,-,-,-,,English,-,Vanathi Pathippagam,2021,Diary / Memoir,Miscellaneous,1000,-,Hardcover
"""",2.சூரிய வம்சம் (பாகம் - 1),-,-,ஜி. மீனாட்சி,,தமிழ்,304,வானதி பதிப்பகம்,2019,வாழ்க்கை வரலாறு,-,300,-,Paperback
"""",3.பாரத தரிசனம் - இந்தியப் பயணக்கதை,-,-,-,,தமிழ்,312,வானதி பதிப்பகம்,2017,பயணக்குறிப்பு,-,200,-,Paperback
"""",4.பாலங்கள் (நாவல்),-,-,-,,தமிழ்,384,வானதி பதிப்பகம்,2017,நாவல்,-,260,-,Paperback
"""",5.சின்ன நூல்கண்டா நம்மைச் சிறைப்படுத்துவது?,-,-,-,,தமிழ்,340,வானதி பதிப்பகம்,2017,-,சுயமுன்னேற்றம்,250,-,Paperback
"""",6.பிரமிட் தேசம்,-,-,-,,தமிழ்,112,வானதி பதிப்பகம்,2005,பயணக்குறிப்பு,-,35,-,Paperback
"""",7.அப்பா (ஜி.டி. நாயுடு),-,-,-,,தமிழ்,120,வானதி பதிப்பகம்,-,வாழ்க்கை வரலாறு,-,100,-,Paperback
"""",8.சூரிய வம்சம் (பாகம் - 2),-,-,ஜி. மீனாட்சி,,தமிழ்,-,வானதி பதிப்பகம்,-,வாழ்க்கை வரலாறு,-,350,-,Paperback
"""",9.பிரதமருடன் இரு பயணங்கள்,-,-,-,,தமிழ்,-,வானதி பதிப்பகம்,-,பயணக்குறிப்பு,-,70,-,Paperback
"""","10.புதுப்புது அனுபவங்கள் - 1, 2, 3, 4",-,-,-,,தமிழ்,1256,வானதி பதிப்பகம்,-,பயணக்குறிப்பு,-,670,-,Paperback
"""",11.வெள்ளி என்றால் வெனிஸ் நகரம்தான்,-,-,-,,தமிழ்,-,வானதி பதிப்பகம்,-,பயணக்குறிப்பு,-,30,-,Paperback
"""",12.ஆஹா அலாஸ்கா,-,-,-,,தமிழ்,-,வானதி பதிப்பகம்,-,பயணக்குறிப்பு,-,30,-,Paperback
"""",13.சிவசங்கரியின் 60 சிறுகதைகள் (பாகம் 2),-,-,-,,தமிழ்,-,வானதி பதிப்பகம்,-,சிறுகதை,-,200,-,Paperback
"""",14.சிவசங்கரியின் 60 சிறுகதைகள் (பாகம் 1),-,-,-,,தமிழ்,-,வானதி பதிப்பகம்,-,சிறுகதை,-,300,-,Paperback
Editor ,15.நெஞ்சில் நிற்பவை (பாகம் 1),-,-,-,,தமிழ்,-,வானதி பதிப்பகம்,-,சிறுகதை,-,150,-,Paperback
"""",16.இலக்கியம் மூலம் இந்திய இணைப்பு (பாகம் 4),-,-,-,,தமிழ்,-,கங்கை புத்தக நிலையம்,-,-,இலக்கியம்,500,-,Paperback
"""",17.இலக்கியம் மூலம் இந்திய இணைப்பு (பாகம் 3),-,-,-,,தமிழ்,-,கங்கை புத்தக நிலையம்,-,-,இலக்கியம்,500,-,Paperback
"""",18.இலக்கியம் மூலம் இந்திய இணைப்பு (பாகம் 2),-,-,-,,தமிழ்,-,கங்கை புத்தக நிலையம்,-,-,இலக்கியம்,500,-,Paperback
"""",19.இலக்கியம் மூலம் இந்திய இணைப்பு (பாகம் 1),-,-,-,,தமிழ்,-,கங்கை புத்தக நிலையம்,-,-,இலக்கியம்,600,-,Paperback
"""",20.மலையின் அடுத்த பக்கம்,-,-,-,,தமிழ்,270,வானதி பதிப்பகம்,-,நாவல்,-,135,-,Paperback
"""",21.ஆயிரம் காலத்துப் பயிர்,-,-,-,,தமிழ்,-,வானதி பதிப்பகம்,-,நாவல்,-,100,-,Paperback
"""",22.ஆயுள் தண்டனை,-,-,-,,தமிழ்,-,வானதி பதிப்பகம்,-,நாவல்,-,150,-,Paperback
"""",23.சிவசங்கரி குறுநாவல்கள் (தொகுதி - VIII),-,-,-,,தமிழ்,-,வானதி பதிப்பகம்,-,நாவல்,-,300,-,Paperback
"""",24.சிவசங்கரி குறுநாவல்கள் (தொகுதி - VII),-,-,-,,தமிழ்,-,வானதி பதிப்பகம்,-,நாவல்,-,320,-,Paperback
"""",25.சிவசங்கரி குறுநாவல்கள் (தொகுதி - VI),-,-,-,,தமிழ்,-,வானதி பதிப்பகம்,-,நாவல்,-,300,-,Paperback
"""",26.சிவசங்கரி குறுநாவல்கள் (தொகுதி - V),-,-,-,,தமிழ்,-,வானதி பதிப்பகம்,-,நாவல்,-,200,-,Paperback
"""",27.சிவசங்கரி குறுநாவல்கள் (தொகுதி - IV),-,-,-,,தமிழ்,-,வானதி பதிப்பகம்,-,நாவல்,-,185,-,Paperback
"""",28.சிவசங்கரி குறுநாவல்கள் (தொகுதி - III),-,-,-,,தமிழ்,-,வானதி பதிப்பகம்,-,நாவல்,-,450,-,Paperback
"""",29.சிவசங்கரி குறுநாவல்கள் (தொகுதி - II),-,-,-,,தமிழ்,-,வானதி பதிப்பகம்,-,நாவல்,-,,-,Paperback
"""","30.சிவசங்கரி குறுநாவல்கள் (தொகுதி - I)
",-,-,-,,தமிழ்,-,வானதி பதிப்பகம்,-,நாவல்,-,300,-,Paperback
Translator,31.ராவி நதியில்,குல்ஸார்,-,-,,தமிழ்,200,சாகித்திய அகாடெமி,-,சிறுகதை,-,123,8126026154,Paperback
சிவசங்கரி,32.நண்டு,-,-,-,,தமிழ்,272,கங்கை புத்தக நிலையம்,-,நாவல்,-,100,-,Paperback
சிவசங்கரி,33.47 நாட்கள்,-,-,-,,தமிழ்,256,கங்கை புத்தக நிலையம்,-,நாவல்,குடும்பம் / உறவு,100,-,Paperback
,,,,,,,,,,,,,,
சோ.தர்மன்,1.சோ.தர்மன் கவிதைகள்,-,-,மகாராசன்,,தமிழ்,118,யாப்பு வெளியீடு,2024,கவிதை,-,114,9788196340032,Paperback
"""",2.சினவயல்,-,-,-,,தமிழ்,232,அடையாளம் பதிப்பகம்,2025,நாவல்,-,280,9788177203585,Paperback
"""","3.பெருமூச்சு
பின்னால் சொன்ன கதைகள்",-,-,-,,தமிழ்,128,அடையாளம் பதிப்பகம்,2024,சிறுகதை,-,140,9788177203561,Paperback
"""",4.கிராமத்துச் சித்திரங்கள்,-,-,-,,தமிழ்,320,அடையாளம் பதிப்பகம்,2024,கட்டுரை,-,350,9788177203554,Paperback
"""",5.வில்லிசை வேந்தர் பிச்சைக்குட்டி,-,-,-,,தமிழ்,144,அடையாளம் பதிப்பகம்,2023,வாழ்க்கை வரலாறு,கலை,150,9788177203363,Paperback
"""",6.வௌவால் தேசம்,-,-,-,,தமிழ்,304,அடையாளம் பதிப்பகம்,2022,நாவல்,-,320,-,Paperback
"""","7.நீர்ப்பழி
முதல் அறுபத்தெட்டுக் கதைகள்",-,-,-,,தமிழ்,600,அடையாளம் பதிப்பகம்,2020,சிறுகதை,-,600,-,Paperback
"""",8.பதிமூனாவது மையவாடி,-,-,-,,தமிழ்,-,அடையாளம் பதிப்பகம்,2020,நாவல்,-,320,-,Paperback
"""","9.அன்பின் சிப்பி
தேர்ந்தெடுக்கப்பட்ட சிறுகதைகள்",-,-,-,,தமிழ்,160,அடையாளம் பதிப்பகம்,2019,சிறுகதை,-,130,-,Paperback
"""",10.தூர்வை (அடையாளம் பதிப்பகம்),-,-,-,,தமிழ்,256,அடையாளம் பதிப்பகம்,2017,நாவல்,தலித்தியம்,350,9788177202687,Paperback
"""",11.கூகை (அடையாளம் பதிப்பகம்),-,-,-,,தமிழ்,336,அடையாளம் பதிப்பகம்,2017,நாவல்,தலித்தியம்,350,9788177202694,Paperback
"""",12.சூல்,-,-,-,,தமிழ்,500,அடையாளம் பதிப்பகம்,2016,நாவல்,சூழலியல்,580,9788177202649,Paperback
"""",13.வில்லிசை வேந்தர் பிச்சைக்குட்டி (மலைகள்),-,-,-,,தமிழ்,134,மலைகள்,2014,வாழ்க்கை வரலாறு,கலை,100,,Paperback
"""",14.தூர்வை,-,-,-,,தமிழ்,248,காலச்சுவடு,2007,நாவல்,தலித்தியம்,225,9788189359935,Paperback
"""",15.கூகை,-,-,-,,தமிழ்,320,காலச்சுவடு,2005,கட்டுரை,தலித்தியம்,290,9788189359133,Paperback
,,,,,,,,,,,,,,
ஆண்டாள் பிரியதர்ஷினி,1.கிடங்கு,-,-,-,,தமிழ்,-,நியூசெஞ்சுரி புக் ஹவுஸ்,2024,நாவல்,-,120,9788123445908,Paperback
Translator,2.சத்திய சோதனை (சப்னா புக் ஹவுஸ்),காந்தி,-,-,,தமிழ்,715,சப்னா புக் ஹவுஸ்,2016,தன்வரலாறு,காந்தி,270,9789385868344,Paperback
ஆண்டாள் பிரியதர்ஷினி,3.இவர்களும் நானும்,-,-,-,,தமிழ்,144,ஏகம் பதிப்பகம்,2012,கட்டுரை,-,70,-,Paperback
"""",4.பெண் வாசனை,-,-,-,,தமிழ்,93,நியூசெஞ்சுரி புக் ஹவுஸ்,2012,கவிதை,பெண்கள்,70,9788123422794,Paperback
"""",5.தகனம்,-,-,-,,தமிழ்,137,நியூசெஞ்சுரி புக் ஹவுஸ்,2005,நாவல்,-,120,9788123407050,Paperback
"""",6.தலைமுறை தாகம்,-,-,-,,தமிழ்,200,திருவரசு புத்தக நிலையம்,2004,நாவல்,-,60,-,Paperback
"""",7.சிகரம் சிலந்திக்கும் எட்டும்,-,-,-,,தமிழ்,200,திருவரசு புத்தக நிலையம்,2000,நாவல்,-,40,-,Paperback
"""",8.பெருமூச்சின் நீளம்,-,-,-,,தமிழ்,160,ஏகம் பதிப்பகம்,-,சிறுகதை,-,60,-,Paperback
"""",9.பெண் வாசனை (விகடன் பிரசுரம்),-,-,-,,தமிழ்,-,விகடன் பிரசுரம்,-,கட்டுரை,பெண்கள்,40,-,Paperback
"""",10.வேடிக்கை மனிதர்கள்,-,-,-,,தமிழ்,-,திருவரசு புத்தக நிலையம்,-,நாவல்,-,45,-,Paperback
"""",11.கனவுகள் கைப்பிடிக்குள்,-,-,-,,தமிழ்,160,திருவரசு புத்தக நிலையம்,-,நாவல்,-,32,-,Paperback
,,,,,,,,,,,,,,
கீரனூர் ஜாகிர்ராஜா,1.இத்தா,-,-,-,,தமிழ்,-,நன்னூல் பதிப்பகம்,2022,நாவல்,இஸ்லாம் / முஸ்லிம்கள்,280,9788195528615,Paperback
"""",2.தேய்பிறை இரவுகளின் கதைகள்,-,-,-,,தமிழ்,-,எழுத்து பிரசுரம் ,2020,சிறுகதை,-,320,-,Paperback
"""",3.கொமறு காரியம் (எழுத்து பிரசுரம்),-,-,-,,தமிழ்,-,எழுத்து பிரசுரம் ,2020,நாவல்,இஸ்லாம் / முஸ்லிம்கள்,149,9789388860482,Paperback
"""",4.குளத்தங்கரை அரசமரம் முதல் கோணங்கி வரை (எழுத்து பிரசுரம்),-,-,-,,தமிழ்,-,எழுத்து பிரசுரம் ,2020,கட்டுரை,இலக்கியம்,170,-,Paperback
"""",5.21ஆம் நூற்றாண்டுச் சிறுகதைகள்,-,-,-,,தமிழ்,-,எழுத்து பிரசுரம் ,2020,சிறுகதை,-,230,-,Paperback
"""",6.குட்டிச்சுவர் கலைஞன் (எழுத்து பிரசுரம்),-,-,-,,தமிழ்,-,எழுத்து பிரசுரம் ,2020,சிறுகதை,-,160,9789388860420,Paperback
"""",7.வடக்கேமுறி அலிமா (எழுத்து பிரசுரம்),-,-,-,,தமிழ்,-,எழுத்து பிரசுரம் ,2020,நாவல்,இஸ்லாம் / முஸ்லிம்கள்,190,9789388860482,Paperback
"""",8.ஜின்னாவின் டைரி (எழுத்து பிரசுரம்),-,-,-,,தமிழ்,-,எழுத்து பிரசுரம் ,2020,நாவல்,-,210,9789388860307,Paperback
"""",9.காலத்தை விஞ்சி நிற்கும் கலை,-,-,-,,தமிழ்,-,எழுத்து பிரசுரம் ,2020,கட்டுரை,இலக்கியம்,340,9789388860468,Paperback
"""",10.காஃபிர்களின் கதைகள்,-,-,-,,தமிழ்,189,எழுத்து பிரசுரம் ,2020,சிறுகதை,இஸ்லாம் / முஸ்லிம்கள்,230,9789388860475,Paperback
"""",11.மீன்காரத் தெரு (எழுத்து பிரசுரம்),-,-,-,,தமிழ்,-,எழுத்து பிரசுரம் ,2019,நாவல்,இஸ்லாம் / முஸ்லிம்கள்,140,9789388860246,Paperback
"""",12.கருத்த லெப்பை (எழுத்து பிரசுரம்),-,-,-,,தமிழ்,-,எழுத்து பிரசுரம் ,2019,நாவல்,இஸ்லாம் / முஸ்லிம்கள்,99,9789388860239,Paperback
"""",13.ஞாயிறு கடை உண்டு,-,-,-,,தமிழ்,200,டிஸ்கவரி புக் பேலஸ்,2019,நாவல்,-,240,9788194417378,Paperback
"""",14.பஷீரிஸ்ட்,-,-,-,,தமிழ்,128,உயிர்மை பதிப்பகம்,2019,சிறுகதை,-,130,9789387636446,Paperback
"""",15.சிறுபான்மை சமூகக் கதைகள்- இஸ்லாம்,-,-,-,,தமிழ்,-,சாகித்திய அகாடெமி,2019,சிறுகதை,இஸ்லாம் / முஸ்லிம்கள்,200,-,Paperback
"""",16.குளத்தங்கரை அரசமரம் முதல் கோணங்கி வரை,-,-,-,,தமிழ்,-,பாரதி புத்தகாலயம்,2017,-,இலக்கியம்,90,9789382826194,Paperback
"""",17.துருக்கித் தொப்பி,-,-,-,,தமிழ்,-,விஜயா பதிப்பகம்,2017,நாவல்,இஸ்லாம் / முஸ்லிம்கள்,170,9788184468274,Paperback
"""",18.அழியாத கோலங்கள்,-,-,-,,தமிழ்,256,டிஸ்கவரி புக் பேலஸ்,2017,சிறுகதை,காதல்,280,-,Paperback
"""",19.கொமறு காரியம்,-,-,-,,தமிழ்,128,சந்தியா பதிப்பகம்,2016,சிறுகதை,இஸ்லாம் / முஸ்லிம்கள்,110,9789384915605,Paperback
Editor ,20.பாட்டியின் குரல்வளையைக் காப்பாற்றி வைத்திருக்கிறேன்,கோணங்கி,-,கீரனூர் ஜாகிர்ராஜா,,தமிழ்,80,பாரதி புத்தகாலயம்,2014,நேர்காணல்,-,50,9789384421502,Paperback
கீரனூர் ஜாகிர்ராஜா,21.குட்டிச்சுவர் கலைஞன்,-,-,-,,தமிழ்,142,எதிர் வெளியீடு,2014,சிறுகதை,-,150,9789384646080,Paperback
"""",22.வடக்கேமுறி அலிமா,-,-,-,,தமிழ்,136,எதிர் வெளியீடு,2014,நாவல்,-,100,-,Paperback
"""",23.சுயவிமர்சனம்,-,-,-,,தமிழ்,160,எதிர் வெளியீடு,2014,கட்டுரை,இலக்கியம்,120,-,Paperback
"""",25.காஃபிர்களின் கதை,-,-,-,,தமிழ்,208,எதிர் வெளியீடு,2013,சிறுகதை,,160,-,Paperback
"""",26.கருத்த லெப்பை,-,-,-,,-,72,எதிர் வெளியீடு,2013,நாவல்,,70,,Paperback
"""",27.ஜின்னாவின் டைரி,-,-,-,,-,174,எதிர் வெளியீடு,2013,நாவல்,,150,9782792862066,Paperback
"""",28.மீன்குகைவாசிகள்,-,-,-,,-,198,எதிர் வெளியீடு,2012,நாவல்,,190,9788192754376,Paperback
"""",29.மீன்காரத் தெரு,-,-,-,,-,140,எதிர் வெளியீடு,2012,நாவல்,இஸ்லாம் / முஸ்லிம்கள்,110,9788192754383,Paperback
Editor ,30.குமாரபுரம் ரயில்வே ஸ்டேஷனில் ஓரிரவு,உதயசங்கர்,-,-,,-,128,பாரதி புத்தகாலயம்,2011,சிறுகதை,,70,9789381908082,Paperback
கீரனூர் ஜாகிர்ராஜா,31.சாமானியரைப் பற்றிய குறிப்புக்கள்,-,-,-,,-,240,கவிதா பப்ளிகேஷன்,-,நாவல்,,223,,Paperback
"""",32.தேய்பிறை இரவுகளின் கதை,-,-,-,,Malayalam,-,Bharathi Puthakalayam,-,Short Story,Miscellaneous,120,,Paperback
"""",33.செம்பருத்தி பூத்த வீடு,-,-,-,,தமிழ்,-,எதிர் வெளியீடு,-,சிறுகதை,-,140,9788192754390,Paperback
,,,,,,,,,,,,,,
சு.வேணுகோபால்,1. ஆட்டம்,-,-,-,,தமிழ் ,120,தமிழினி வெளியீடு,2013,நாவல்,-,150,-,Paper Back
"""",2. உருமால்கட்டு,-,-,-,,தமிழ் ,160,சிறுவாணி வாசகர் மையம்,2018,சிறுகதைகள்,-,160,-,Paper Back
"""",3. ஒரு துளி துயரம்,-,-,-,,தமிழ் ,144,தமிழினி வெளியீடு,2012, சிறுகதைகள்,-,100,-,Paper Back
"""", 4. களவு போகும் புரவிகள்,-,-,-,,தமிழ் ,168,தமிழினி வெளியீடு,2012, சிறுகதைகள்,-,130,-,Paper Back
"""",5. கூந்தப்பனை,-,-,-,,தமிழ் ,144,தமிழினி வெளியீடு,2012,சிறுகதைகள்,-,180,9788187643852,Paper Back
"""",6. சு.வேணுகோபால் சிறுகதைகள் & நேர்காணல்,-,-,-,,தமிழ் ,288,தன்னறம் நூல்வெளி,2023,சிறுகதைகள்,-,300,-,Paper Back
"""",7. தாயுமானவள்,-,-,-,,தமிழ் ,282,தமிழினி வெளியீடு,2020,நாவல்,-,320,9788187642831,Paper Back
"""",8. திசையெல்லாம் நெருஞ்சி,-,-,-,,தமிழ் ,112,தமிழினி வெளியீடு,2012, சிறுகதைகள்,-,80,-,Paper Back
"""",9. நிலம் எனும் நல்லாள்,-,-,-,,தமிழ் ,168,தமிழினி வெளியீடு,2013,குறுநாவல்,-,120,-,Paper Back
"""",10. நுண்வெளி கிரகணங்கள்,-,-,-,,தமிழ் ,-,தமிழினி வெளியீடு,-,நாவல்,-,400,-,paperback 
"""",11. பால்கனிகள்,-,-,-,,தமிழ் ,128,தமிழினி வெளியீடு,2013,நாவல்,-,130,-,Paper Back
"""",12. பூமிக்குள் ஓடுகிறது நதி,-,-,-,,தமிழ் ,144,தமிழினி வெளியீடு,2014, சிறுகதைகள்,-,160,9788187643715,Paper Back
"""",13. வெண்ணிலை,-,-,-,,தமிழ் ,272,தமிழினி வெளியீடு,2012,சிறுகதைகள்,-,250,-,Paper Back
"""",14. மூன்று காதல் கதைகள்,-,-,-,,தமிழ் ,-,தமிழினி,2025,சிறுகதை,-,-,-,Paper Back
"""",15. கவிதைத் திறனாய்வு வரலாறு,-,-,-,,தமிழ் ,542,தமிழினி,2019,கட்டுரை,இலக்கியம்,542,9788187642176,Paper Back
"""",16. வலசை,-,-,-,,தமிழ் ,-,தமிழினி,-,நாவல்,-,200,-,Paper Back
"""",17. சிதைந்த சிற்பங்கள்,-,குறிஞ்சிவேலன்,-,,தமிழ் ,-,பரிசல்,2022,"நாவல்,மொழிபெயர்ப்பு",-,190,9789391949365,Paper Back
,,,,,,,,,,,,,,
அன்பாதவன்,1. வேதாளம் விரும்பியச் சூதாட்ட சருக்கம்,-,-,-,,தமிழ் ,-,வேரல் புக்ஸ்,2024,சிறுகதை,-,180,9788196528935,Paper Back
"""",2. நிவேதிதா பதிப்பகம்,-,-,-,,தமிழ் ,160,-,2023,கட்டுரை,-,200,-,Paper Back
"""",3. தீ இனிது நீர் இனிது,-,-,-,,தமிழ் ,178,நியூசெஞ்சுரி புக் ஹவுஸ்,1998,சிறுகதை,-,70,-,Paper Back
,,,,,,,,,,,,,,
ஸ்ரீதர கணேசன்,1. சடையன்குளம் ,-,-,-,,தமிழ் ,-,காலச்சுவடு,2024,நாவல்,தலித்தியம்,490,9788119034727,Paper Back
"""",2. சந்தி,-,-,-,,தமிழ் ,280,காலச்சுவடு,2023,நாவல்,தலித்தியம்,350,9788195904860,Paper Back
"""",3. சடையன்குளம்,-,-,-,,தமிழ் ,367,கருப்புப் பிரதிகள்,2012,நாவல்,தலித்தியம்,300,-,Paper Back
"""",4. உப்பு வயல்,-,-,-,,தமிழ் ,160,நியூசெஞ்சுரி புக் ஹவுஸ்,2008,நாவல்,-,140,-,Paper Back
,,,,,,,,,,,,,,
விமலாதித்த மாமல்லன் ,1. சிபிஐ கதைகள்,-,-,-,,தமிழ் ,242,சத்ரபதி வெளியீடு,2024,சிறுகதை,-,300,-,Paper Back
"""",2. உலகச் சிறுகதைகள் - 2 (புனைவு என்னும் புதிர்),-,-,-,,தமிழ் ,-,சத்ரபதி வெளியீடு,2024,"சிறுகதை,கட்டுரை",-,225,-,Paper Back
"""",3. உலகச் சிறுகதைகள் - 1 (புனைவு என்னும் புதிர்),-,ஆர். சிவகுமார்,-,,தமிழ் ,-,சத்ரபதி வெளியீடு,2024,"சிறுகதை,கட்டுரை ",-,250,-,Paper Back
"""",4. விளக்கும் வெளிச்சமும்,-,-,-,,தமிழ் ,-,சத்ரபதி வெளியீடு,2022,சிறுகதை,பிற,220,-,Paper Back
"""",5. எழுத்துக் கலை,-,-,-,,தமிழ் ,,சத்ரபதி வெளியீடு,2019,கட்டுரை,இலக்கியம்,200,-,Paper Back
"""",6. தவிப்பு (சத்ரபதி வெளியீடு),-,-,-,,தமிழ் ,104,சத்ரபதி வெளியீடு,2019,சிறுகதை,-,100,-,Paper Back
"""",7. புனைவு என்னும் புதிர்: ஷோபா சக்தியின் 12 கதைகள்,-,-,-,,தமிழ் ,272,சத்ரபதி வெளியீடு,2019,"சிறுகதை,கட்டுரை ",ஈழம்,350,-,Paper Back
"""",8. சின்மயி விவகாரம்,-,-,-,,தமிழ் ,360,சத்ரபதி வெளியீடு,2018,கட்டுரை,சமூக நீதி,300,-,Paper Back
"""",9. புனைவு என்னும் புதிர் (சத்ரபதி வெளியீடு),-,-,-,,தமிழ் ,160,சத்ரபதி வெளியீடு,2018,"சிறுகதை,கட்டுரை",இலக்கியம்,200,-,Paper Back
"""",10. தவிப்பு,-,-,-,,தமிழ் ,-,டிஸ்கவரி புக் பேலஸ்,2018,சிறுகதை,பிற,80,978938655137,Paper Back
"""",11. புனைவு என்னும் புதிர்,-,-,-,,தமிழ் ,-,காலச்சுவடு,2018,கட்டுரை,இலக்கியம்,200,9789352440542,Paper Back
"""",12. விமலாதித்த மாமல்லன் கதைகள்,-,-,-,,தமிழ் ,344,சத்ரபதி வெளியீடு,2017,சிறுகதை,பிற,250,-,Paper Back
,,,,,,,,,,,,,,
நீல பத்மநாபன்,1. புதிய தமிழ் இலக்கிய வரலாறு - தொகுதி 1,-,-,-,,தமிழ் ,432,சாகித்திய அகாடெமி,2014,கட்டுரை ,இலக்கியம்,430,9788126043606,Paper Back
"""",2. புதிய தமிழ் இலக்கிய வரலாறு - தொகுதி 3,-,-,-,,தமிழ் ,976,சாகித்திய அகாடெமி,2013,கட்டுரை,இலக்கியம்,890,9788126043620,Paper Back
"""",3. தலைமுறைகள்,-,-,-,,தமிழ் ,376,காலச்சுவடு,2013,நாவல்,குடும்பம் / உறவு,470,9789381969908,Paper Back
"""",4. நாகம்மாவா,-,-,-,,தமிழ் ,120,கிழக்கு பதிப்பகம்,2012,சிறுவர் கதை,-,80,9788184935370,Paper Back
"""",5. இரண்டாவது முகம்,-,-,-,,தமிழ் ,168,கிழக்கு பதிப்பகம்,2012,சிறுகதை,-,200,9788184935271,Paper Back
"""",6. உணர்வுகள் சிந்தனைகள்,-,-,-,,தமிழ் ,700,நியூசெஞ்சுரி புக் ஹவுஸ்,2008,கட்டுரை,-,400,9798123412992,Paper Back
"""",7. யாத்திரை அனுபவங்கள் சமர்,-,-,-,,தமிழ் ,160,நியூசெஞ்சுரி புக் ஹவுஸ்,2008,நாவல்,-,75,9798123413258,Paper Back
"""",8. பள்ளிகொண்டபுரம்,-,-,-,,தமிழ் ,296,காலச்சுவடு,2008,நாவல்,பிற,350,9788189945770,Paper Back
"""",9. வட்டத்தின் வெளியே,-,-,-,,தமிழ் ,264,திருவரசு புத்தக நிலையம்,2003,நாவல்,குடும்பம் / உறவு,70,-,Paper Back
Translation ,10. ஐயப்பப் பணிக்கரின் கவிதைகள்,ஐயப்பபணிக்கர்,நீல. பத்மநாபன்,-,,தமிழ் ,224,சாகித்திய அகாடெமி,1999,"கவிதை, மொழிபெயர்ப்பு",பிற,140,8126006315,Paper Back
Translation ,11. வெள்ளம் (காவ்யா பதிப்பகம்),-,நீல. பத்மநாபன்,-,,தமிழ் ,-,காவ்யா பதிப்பகம்,-,சிறுகதை,-,-,-,Paper Back
Translation ,"12. மதிலுகள் (மலையாளம்)
",-,நீல. பத்மநாபன்,-,,,-,காவ்யா பதிப்பகம்,-,"சிறுகதை,மொழிபெயர்ப்பு",-,75,-,Paper Back
"""",13. நகுலம் (நீள் கவிதை),-,-,-,,தமிழ் ,-,விருட்சம்,-,கவிதை,-,150,-,Paper Back
"""",14. நினைவுத் தடங்கல் (நீல. பத்மநாபன்),-,-,-,,தமிழ் ,-,கலைஞன் பதிப்பகம்,-,கட்டுரை,-,98,-,Paper Back
"""",15. இன்றைய இலக்கியச் செல் நெறிகள்,-,-,-,,தமிழ் ,-,கலைஞன் பதிப்பகம்,-,கட்டுரை,-,70,-,Paper Back
"""",16. நீலபத்மநாபன் கட்டுரைகள் -1,-,-,-,,தமிழ் ,-,கலைஞன் பதிப்பகம்,-,கட்டுரை,-,180,-,Paper Back
"""",17. நீல பத்மநாபன் கதைகள் - 3,-,-,-,,தமிழ் ,-,கலைஞன் பதிப்பகம்,-,சிறுகதை,-,180,-,Paper Back
"""",18. நீல பத்மநாபன் கதைகள் - 1,-,-,-,,தமிழ் ,-,கலைஞன் பதிப்பகம்,-,-,-,200,-,Paper Back
"""",19. புதிய தமிழ் இலக்கிய வரலாறு (மூன்று தொகுதிகள்),-,-,-,,தமிழ் ,-,சாகித்திய அகாடெமி,-,-,இலக்கியம்,1860,-,Paper Back
"""",20. தனிமரம்,-,-,-,,தமிழ் ,-,திருவரசு புத்தக நிலையம்,-,நாடகம் ,-,60,-,Paper Back
"""",21. பகவதி கோயில் தெரு,-,-,-,,தமிழ் ,-,திருவரசு புத்தக நிலையம்,-,நாவல்,-,40,-,Paper Back
"""",22. உதயதாரகை,-,-,-,,தமிழ் ,173,திருவரசு புத்தக நிலையம்,-,நாவல்,குடும்பம் / உறவு,60,-,Paper Back
"""",23. பைல்கள்,-,-,-,,தமிழ் ,-,திருவரசு புத்தக நிலையம்,-,நாவல்,-,40,-,Paper Back
"""",24. சண்டையும் சமாதானமும்,-,-,-,,தமிழ் ,-,திருவரசு புத்தக நிலையம்,-,நாவல்,-,50,-,Paper Back
"""",25. உறவுகள் (திருவரசு புத்தக நிலையம்),-,-,-,,தமிழ் ,456,திருவரசு புத்தக நிலையம்,-,நாவல்,குடும்பம் / உறவு,100,-,Paper Back
"""",26. நீல பத்மநாபனின் 148 கவிதைகள்,-,-,-,,தமிழ் ,166,விருட்சம்,-,கவிதை,-,120,-,Paper Back
"""",27. சிந்தை முட்கள்,-,-,-,,தமிழ் ,78,விருட்சம்,-,கவிதை,-,60,-,Paper Back
"""",28. புதிய தமிழ் இலக்கிய வரலாறு - தொகுதி 2,-,-,-,,தமிழ் ,464,சாகித்திய அகாடெமி,-,கட்டுரை,இலக்கியம்,460,9788126043613,Paper Back
,,,,,,,,,,,,,,
அமரந்தா,1. காலமும் கலையும்,-,-,-,,தமிழ் ,-,நிமிர் வெளியீடு,2024,கட்டுரை,-,400,-,Paper Back
,2. இது வேறு செப்டம்பர் 11,-,-,-,,தமிழ் ,-,நிமிர் வெளியீடு,2024,கட்டுரை,சர்வதேச அரசியல்,120,-,Paper Back
,3. லத்தீன் அமெரிக்காவில் நம்பிக்கைக் கீற்று,-,-,-,,தமிழ் ,-,பன்மை வெளி,2024,வரலாறு,-,200,-,Paper Back
,4. காஸ்த்ரோவின் கூபாவும் லத்தின் அமெரிக்க மார்க்சியமும்,-,-,-,,தமிழ் ,260,பன்மை வெளி,2024,வரலாறு,சுகந்திரம் / பாதுகாப்பு,250,-,Paper Back
Translation ,5. அடுப்பில் பிறந்த பூனை,-,அமரந்தா,-,,தமிழ் ,-,போதி வனம்,2023,"சிறுகதை,மொழிபெயர்ப்பு",-,550,9788196568207,Paper Back
Translation ,6. மலைகள் நம்மிடம் திரும்பிவிடும்,ஃபிடல் காஸ்ட்ரோ,அமரந்தா,-,,தமிழ் ,-,நிமிர் வெளியீடு,2023,"நேர்காணல்,மொழிபெயர்ப்பு",-,180,-,Paper Back
Translation ,7. ஒதுக்கப்பட்டவர்கள் (போதி வனம்),மகாசுவேதா தேவி,அமரந்தா,-,,தமிழ் ,200,போதி வனம்,2021,"சிறுகதை,மொழிபெயர்ப்பு",பிற,250,9789380690827,Paper Back
Translation ,8. குமரப்பாவிடம் கேட்போம்,ஜே.சி.குமரப்பா,அமரந்தா,-,,தமிழ் ,96,பரிசல்,2019,கட்டுரை,பொருளாதாரம்,100,-,Paper Back
translation ,9. சொர்க்கத்தின் அருகிலிருந்து வந்தவன் (HB),-,அமரந்தா,-,,தமிழ் ,408,காலக்குறி,2017,"சிறுகதை,மொழிபெயர்ப்பு",பிற,450,-,Paper Back
translation ,10. நிழல்களின் உரையாடல் ,மார்த்தா த்ராபா,அமரந்தா,-,,தமிழ் ,240,காலக்குறி,2017,"நாவல்,மொழிபெயர்ப்பு",பிற,250,-,Paper Back
,11. வலி,-,-,-,,தமிழ் ,120,சந்தியா பதிப்பகம்,2017,சிறுகதை,பெண்கள்,120,-,Paper Back
Translation ,12. சிலுவையில் தொங்கும் சாத்தான்,கூகி வா தியாங்கோ,அமரந்தா,-,,தமிழ் ,432,எதிர் வெளியீடு,2016,"நாவல்,மொழிபெயர்ப்பு",காலனிய நீக்கம்,550,-,Paper Back
Translation ,13. வியப்பூட்டும் கூபா,எமிலி மோரிஸ்,அமரந்தா,-,,தமிழ் ,80,தடாகம் வெளியீடு,2016,"கட்டுரை,மொழிபெயர்ப்பு",மார்க்சியம்,60,9788193269169,Paper Back